﻿Employer_ID,Employer_City,Employer_State
6000,Sunnyvale,CA
6001,Athens,GA
6002,College Station,TX
6003,Columbia,SC
6004,Tulsa,OK
6005,Edinburg,TX
6006,Garden City,KS
6007,Charlotte,NC
6008,Chandler,AZ
6009,Richardson,TX
6010,Ronkonkoma,NY
6011,Berkeley,CA
6012,South Bend,IN
6013,Irving,TX
6014,Bellevue,WA
6015,Leander,TX
6016,Plano,TX
6017,Ashburn,VA
6018,Jersey City,NJ
6019,Duluth,GA
6020,Durham,NC
6021,Spring,TX
6022,Cuyahoga Falls,OH
6023,San Jose,CA
6024,Chicago,IL
6025,Fremont,CA
6026,Lakeland,FL
6027,Santa Clara,CA
6028,Barrigada,GU
6029,Dallas,TX
6030,Hoover,AL
6031,Johnston,RI
6032,Salt Lake City,UT
6033,Carmel,IN
6034,Henderson,TX
6035,Waupaca,WI
6036,Brooklyn,NY
6037,Fairfax,VA
6038,Palo Alto,CA
6039,New York,NY
6040,Katy,TX
6041,Houston,TX
6042,Piscataway Township,NJ
6043,Vernon Hills,IL
6044,Lakewood,CO
6045,Addison,TX
6046,Redding,CA
6047,Wilmington,DE
6048,Tamuning,GU
6049,Iselin,NJ
6050,Los Angeles,CA
6051,Nashville,TN
6052,Somerville,MA
6053,Kansas City,MO
6054,Lebanon,NH
6055,Rock Hill,SC
6056,Apex,NC
6057,Collierville,TN
6058,Grand Rapids,MI
6059,Minneapolis,MN
6060,Foster City,CA
6061,San Francisco,CA
6062,Fayetteville,AR
6063,Herndon,VA
6064,Worcester,MA
6065,University Park,IL
6066,Fort Smith,AR
6067,Monmouth Junction,NJ
6068,Fairfield,IA
6069,San Mateo,CA
6070,Lovington,NM
6071,Palisades Park,NJ
6072,Alpharetta,GA
6073,Vernon,CA
6074,Acton,MA
6075,Bedford,TX
6076,Orlando,FL
6077,Dublin,OH
6078,Plainsboro,NJ
6079,Espanola,NM
6080,Atlanta,GA
6081,Shrewsbury,MA
6082,Miami,FL
6083,Presidio,TX
6084,Tampa,FL
6085,Menomonee Falls,WI
6086,Syracuse,NY
6087,Blacksburg,VA
6088,Seattle,WA
6089,Bentonville,AR
6090,Eden Prairie,MN
6091,Roseville,MN
6092,Mountain View,CA
6093,Boston,MA
6094,Pittsburgh,PA
6095,East Brunswick,NJ
6096,East  Brunswick,NJ
6097,Long Beach,CA
6098,Denver,CO
6099,Dover,DE
6100,Edison,NJ
6101,Plymouth,NH
6102,Secaucus,NJ
6103,Piscataway,NJ
6104,Detroit,MI
6105,St. Louis,MO
6106,San Diego,CA
6107,El Paso,TX
6108,Philadelphia,PA
6109,Northfield,IL
6110,Austin,TX
6111,Rockville,MD
6112,Auburn Hills,MI
6113,Basking Ridge,NJ
6114,Mcallen,TX
6115,Jacksonville,FL
6116,Arlington Heights,IL
6117,Madison,WI
6118,Emporia,VA
6119,Emeryville,CA
6120,Menlo Park,CA
6121,Highlands,TX
6122,Pleasanton,CA
6123,Shreveport,LA
6124,Newtown,PA
6125,Santa Monica,CA
6126,Aurora,CO
6127,Cupertino,CA
6128,Redmond,WA
6129,Watertown,MA
6130,Short Hills,NJ
6131,Mooresville,NC
6132,Opelika,AL
6133,Arlington,VA
6134,Tacoma,WA
6135,Peoria,IL
6136,Congers,NY
6137,Columbus,OH
6138,Southlake,TX
6139,Phoenix,AZ
6140,Riverwoods,IL
6141,Aliso Viejo,CA
6142,Centennial,CO
6143,Middletown,CT
6144,Redlands,CA
6145,Abbott Park,IL
6146,Westlake,TX
6147,Staten Island,NY
6148,Washington,DC
6149,South Plainfield,NJ
6150,West Point,GA
6151,Harahan,LA
6152,Woodland Hills,CA
6153,Franklin Lakes,NJ
6154,Maspeth,NY
6155,Cary,NC
6156,Southborough,MA
6157,Raleigh,NC
6158,Reynoldsburg,OH
6159,Newark,CA
6160,Burbank,CA
6161,West Lafayette,IN
6162,Fort Worth,TX
6163,Redwood City,CA
6164,Sunrise,FL
6165,Irvine,CA
6166,Boise,ID
6167,Elko,NV
6168,Miami Gardens,FL
6169,Santa Ana,CA
6170,Somerset,NJ
6171,Paramus,NJ
6172,Ankeny,IA
6173,Memphis,TN
6174,Farmington Hills,MI
6175,Frisco,TX
6176,Baton Rouge,LA
6177,Cambridge,MA
6178,Hoboken,NJ
6179,Richmond,CA
6180,El Segundo,CA
6181,Linden,NJ
6182,Cleveland,OH
6183,Natick,MA
6184,Warminster,PA
6185,San Carlos,CA
6186,Woonsocket,RI
6187,Riverside,CA
6188,Dayton,OH
6189,Princeton,NJ
6190,Overland Park,KS
6191,Framingham,MA
6192,Frederick,MD
6193,Hauppauge,NY
6194,New Orleans,LA
6195,Round Rock,TX
6196,Milpitas,CA
6197,Allen,TX
6198,Fridley,MN
6199,Oakland,CA
6200,Indianapolis,IN
6201,Anaheim,CA
6202,Rochester,MN
6203,New Haven,CT
6204,Fresno,CA
6205,Englewood,CO
6206,Birmingham,AL
6207,Brockton,MA
6208,Moon Township,PA
6209,Orem,UT
6210,Waltham,MA
6211,Milwaukee,WI
6212,Olivette,MO
6213,Oakbrook Terrace,IL
6214,Folsom,CA
6215,Arroyo Grande,CA
6216,Louisville,KY
6217,Savannah,GA
6218,Ste. Genevieve,MO
6219,Macomb,IL
6220,. New York,NY
6221,Bridgewater,NJ
6222,Honolulu,HI
6223,Beltsville,MD
6224,Roseland,NJ
6225,Cincinnati,OH
6226,Denton,TX
6227,Alameda,CA
6228,North Chicago,IL
6229,Hollywood,FL
6230,Rocklin,CA
6231,Mckinney,TX
6232,Davidson,NC
6233,Urbana,IL
6234,Omaha,NE
6235,Saint George,UT
6236,Hattiesburg,MS
6237,Gainesville,FL
6238,Mason,OH
6239,Glen Allen,VA
6240,Keene,NH
6241,Scottsdale,AZ
6242,Rolla,MO
6243,Boulder,CO
6244,Pittsfield,MA
6245,Harrisonburg,VA
6246,San Ramon,CA
6247,Buffalo,NY
6248,New Hyde Park,NY
6249,Troy,MI
6250,Culver City,CA
6251,Carbondale,IL
6252,Orange,CA
6253,Claymont,DE
6254,Everette,WA
6255,Newport,TN
6256,Naperville,IL
6257,Franklin,TN
6258,Brentwood,TN
6259,Denville,NJ
6260,Torrance,CA
6261,San Antonio,TX
6262,Tustin,CA
6263,York,NE
6264,Hayward,CA
6265,Warren,NJ
6266,Vienna,VA
6267,Bothell,WA
6268,Blue Bell,PA
6269,Little Rock,AR
6270,Bedminster,NJ
6271,South San Francisco,CA
6272,Princeton Junction,NJ
6273,Hamilton,NJ
6274,Kennett Square,PA
6275,"Jacksonville,",FL
6276,Dulles,VA
6277,Pullman,WA
6278,San Gabriel,CA
6279,Cumming,GA
6280,Novi,MI
6281,Costa Mesa,CA
6282,Springfield,MA
6283,El Centro,CA
6284,Richfield,MN
6285,Gaithersburg,MD
6286,Pasadena,CA
6287,Redondo Beach,CA
6288,Doral,FL
6289,Burlington,MA
6290,Storrs,CT
6291,Marlborough,MA
6292,Norwalk,CT
6293,Juno Beach,FL
6294,West Hollywood,CA
6295,Itasca,IL
6296,Westborough,MA
6297,Purchase,NY
6298,North Brunswick,NJ
6299,Dania Beach,FL
6300,El Dorado Hills,CA
6301,Camden,NJ
6302,Annandale-On-Hudson,NY
6303,Johnstown,PA
6304,Rutland,MA
6305,Hanover,MD
6306,Notre Dame,IN
6307,Roswell,GA
6308,Lehi,UT
6309,Portland,ME
6310,Leesburg,VA
6311,Altamonte Springs,FL
6312,Chantilly,VA
6313,Richland,WA
6314,Teaneck,NJ
6315,Hunt Valley,MD
6316,Farmington,MI
6317,West Chester,OH
6318,Mentor,OH
6319,Marietta,GA
6320,Red Bank,NJ
6321,Chester Springs,PA
6322,Davenport,FL
6323,Kingston,NJ
6324,East Lansing,MI
6325,Baltimore,MD
6326,Goleta,CA
6327,Red Hook,NY
6328,Santa Barbara,CA
6329,Greensboro,NC
6330,Sugar Land,TX
6331,Greenville,SC
6332,Beavercreek,OH
6333,Cedar Rapids,IA
6334,Reston,VA
6335,Binghamton,NY
6336,Arcadia,CA
6337,Smithfield,RI
6338,Oklahoma City,OK
6339,Santa Cruz,CA
6340,Brockport,NY
6341,West Bend,WI
6342,Schaumburg,IL
6343,Southfield,MI
6344,Newton,MA
6345,Downers Grove,IL
6346,Manchester,TN
6347,Jackson,MS
6348,Bronx,NY
6349,Suwanee,GA
6350,Greeley,CO
6351,Amherst,MA
6352,Fletcher,NC
6353,Knoxville,TN
6354,Hartford,CT
6355,Colonia,NJ
6356,Erie,PA
6357,Branchville,NJ
6358,Provo,UT
6359,Weston,FL
6360,Mayfield,OH
6361,Augusta,GA
6362,Benton,AR
6363,Beverly Hills,CA
6364,Orinda,CA
6365,Metuchen,NJ
6366,Stoneham,MA
6367,Eden Prarie,MN
6368,Whippany,NJ
6369,Lawrence,KS
6370,Chico,CA
6371,Hiawatha,IA
6372,Sutter Creek,CA
6373,Marlboro,NJ
6374,St. George,UT
6375,Sayreville,NJ
6376,Fulshear,TX
6377,Rye,NY
6378,Exton,PA
6379,Tucson,AZ
6380,Kennesaw,GA
6381,Pikesville,MD
6382,Eugene,OR
6383,Etowah,NC
6384,Ogden,UT
6385,Belmont,CA
6386,Webster,NY
6387,Iowa City,IA
6388,St Louis,MO
6389,10119,NY
6390,Langhorne,PA
6391,Midway,KY
6392,Woodbury,NY
6393,Diamond Bar,CA
6394,Laramie,WY
6395,Las Vegas,NV
6396,Buffalo Grove,IL
6397,Lisle,IL
6398,Mclean,VA
6399,Los Gatos,CA
6400,Covington,KY
6401,Brookfield,WI
6402,Johns Creek,GA
6403,Towson,MD
6404,King Of Prussia,PA
6405,White Plains,NY
6406,Harrodsburg,KY
6407,Mcdonough,GA
6408,Woburn,MA
6409,Middlesex,NJ
6410,Mechanicsville,VA
6411,Pascagoula,MS
6412,Sterling,VA
6413,Coral Gables,FL
6414,Tysons Corner,VA
6415,Saginaw,MI
6416,Chesterfield,MO
6417,Dover Plains,NY
6418,Grand Haven,MI
6419,Bishopville,SC
6420,Miramar,FL
6421,Livonia,MI
6422,St. James,NY
6423,Chesterbrook,PA
6424,Jasper,AL
6425,Liverpool,NY
6426,Harvey,LA
6427,Reno,NV
6428,Bear,DE
6429,Duarte,CA
6430,Albany,OR
6431,Boca Raton,FL
6432,Morristown,NJ
6433,Newtown Square,PA
6434,Warsaw,IN
6435,Hallowell,ME
6436,Nutley,NJ
6437,Denham Springs,LA
6438,Midvale,UT
6439,West Palm Beach,FL
6440,Evanston,IL
6441,Lansing,MI
6442,Sacramento,CA
6443,Stony Brook,NY
6444,Wichita Falls,TX
6445,Greencastle,IN
6446,Newport Beach,CA
6447,La Jolla,CA
6448,Carrollton,TX
6449,Cheney,WA
6450,Bloomfield,NJ
6451,Country Club Hills,IL
6452,Niles,MI
6453,Kingsville,TX
6454,Appleton,ME
6455,East Greenbush,NY
6456,Corpus Christi,TX
6457,Tempe,AZ
6458,South Hadley,MA
6459,Attleboro,MA
6460,Waterford,NY
6461,Streetsboro,OH
6462,Manassas,VA
6463,Greenwood,SC
6464,Evansville,IN
6465,Norfolk,VA
6466,Gilbert,AZ
6467,Galesburg,IL
6468,Chevy Chase,MD
6469,Providence,RI
6470,Charleston,WV
6471,Saratoga,CA
6472,Brisbane,CA
6473,Port Washington,NY
6474,South Berlington,VT
6475,New Brunswick,NJ
6476,Granite Bay,CA
6477,Morrisville,NC
6478,"Piscataway,",NJ
6479,Temple,TX
6480,Rolling Mdws,IL
6481,Concord,CA
6482,Greenwood Village,CO
6483,Tinton Falls,NJ
6484,Rosemont,IL
6485,Berkeley Heights,NJ
6486,Germantown,MD
6487,Houghton,MI
6488,St. Paul,MN
6489,Mechanicsburg,PA
6490,Parkersburg,WV
6491,Malvern,PA
6492,Farmers Branch,TX
6493,Hillsborough,NJ
6494,Windsor,CT
6495,Worthington,OH
6496,Bluefield,WV
6497,Emerson,NJ
6498,Topeka,KS
6499,Chattanooga,TN
6500,Charlottesville,VA
6501,Naples,FL
6502,Hoffman Estates,IL
6503,West Hartford,CT
6504,Cheektowaga,NY
6505,Lowell,MA
6506,Renton,WA
6507,Deerfield,IL
6508,Killeen,TX
6509,Parisppany,NJ
6510,Annapolis Junction,MD
6511,Lincolnshire,IL
6512,Wellesley,MA
6513,Whitehall,PA
6514,Milford,MA
6515,Maryland Heights,MO
6516,San Rafael,CA
6517,Boone,IA
6518,Urbandale,IA
6519,Corning,NY
6520,Chesapeake,VA
6521,Fort Wayne,IN
6522,Wayne,NJ
6523,Wisconsin Rapids,WI
6524,New Bedford,MA
6525,Incline Village,NV
6526,Falls Church,VA
6527,Beverly,MA
6528,Center Valley,PA
6529,East Hanover,NJ
6530,Minot,ND
6531,Holly Springs,NC
6532,Tallahassee,FL
6533,Bethpage,NY
6534,Ann Arbor,MI
6535,East Peoria,IL
6536,Glendale,CA
6537,South Brunswick Township,NJ
6538,Armonk,NY
6539,New York City,NY
6540,New Hope,PA
6541,Dearborn,MI
6542,Hazard,KY
6543,Glen Ridge,NJ
6544,Everett,WA
6545,Rockford,IL
6546,Bethesda,MD
6547,Norwich,CT
6548,Northville,MI
6549,Grand Forks,ND
6550,Ewing,NJ
6551,Sandy Springs,GA
6552,Glastonbury,CT
6553,Oak Ridge,TN
6554,Wharton,NJ
6555,Pacific Palisades,CA
6556,Manhattan Beach,CA
6557,Williamsburg,VA
6558,Moreno Valley,CA
6559,Fort Lauderdale,FL
6560,Racine,WI
6561,Fishers,IN
6562,Newport News,VA
6563,West Des Moines,IA
6564,Lexington,MA
6565,Monterey,CA
6566,Libertyville,IL
6567,Raton,NM
6568,Stamford,CT
6569,Parlin,NJ
6570,Hope,AR
6571,Peachtree Corners,GA
6572,Danbury,CT
6573,West Jordan,UT
6574,Orangeburg,SC
6575,St. Joseph,MO
6576,Deerfield Beach,FL
6577,Elkhorn,NE
6578,Windsor Locks,CT
6579,Tarrytown,NY
6580,Toledo,OH
6581,Wilmongton,NC
6582,Robbinsville,NJ
6583,Ellicott City,MD
6584,Loudonville,NY
6585,Lemont,IL
6586,Wichita,KS
6587,Westminster,MD
6588,Montvale,NJ
6589,Issaquah,WA
6590,Burr Ridge,IL
6591,Ellisville,MO
6592,Shelton,CT
6593,Camarillo,CA
6594,Midland,MI
6595,Hooksett,NH
6596,The Woodlands,TX
6597,Lemoyne,PA
6598,West Newton,MA
6599,Lincoln,NE
6600,Lancaster,PA
6601,Greenport,NY
6602,Lawrenceville,NJ
6603,Durant,OK
6604,Eatontown,NJ
6605,Chicago Ridge,IL
6606,Long Island City,NY
6607,Ithaca,NY
6608,Randolph,MA
6609,Novato,CA
6610,Youngsville,NC
6611,San Dimas,CA
6612,Montgomery,AL
6613,Bethlehem,PA
6614,Largo,FL
6615,Cypress,CA
6616,Canonsburg,PA
6617,Middlebury,VT
6618,Lake Forest,CA
6619,Lewisville,TX
6620,Mount Laurel,NJ
6621,Andover,MA
6622,Kirkland,WA
6623,Waynesboro,VA
6624,Ft. Lauderdale,FL
6625,Dededo,GU
6626,Inglewood,CA
6627,Port Arthur,TX
6628,Pendleton,OR
6629,Rolling Meadows,IL
6630,Reading,MA
6631,Lynchburg,VA
6632,Tyler,TX
6633,Walpole,MA
6634,Ridgefield,CT
6635,Maitland,FL
6636,Horsham,PA
6637,South Burlington,VT
6638,Quincy,MA
6639,Albuquerque,NM
6640,Lake Oswego,OR
6641,Malta,NY
6642,Hadley,MA
6643,Huntsville,AL
6644,North Olmsted,OH
6645,Davie,FL
6646,Brookville,NY
6647,Chambersburg,PA
6648,Parsippany,NJ
6649,Westmont,IL
6650,East Aurora,NY
6651,Draper,UT
6652,Ellensburg,WA
6653,Batesville,IN
6654,Bloomfield Hills,MI
6655,Culpeper,VA
6656,Solon,OH
6657,Juneau,AK
6658,Idaho Falls,ID
6659,Laredo,TX
6660,Sunnayvale,CA
6661,Middleton,MA
6662,Carslbad,CA
6663,Piladelphia,PA
6664,Old Greenwich,CT
6665,Stanford,CA
6666,Dudley,MA
6667,Oshkosh,WI
6668,Ridgecrest,CA
6669,Foothill Ranch,CA
6670,Cranbury,NJ
6671,Golden,CO
6672,Bowling Green,KY
6673,Forest Hills,NY
6674,Walla Walla,WA
6675,Holmdel,NJ
6676,Stafford,TX
6677,Miami Beach,FL
6678,Harrisburg,PA
6679,Hampshire,IL
6680,Putnam,CT
6681,Pine Brook,NJ
6682,Manasquan,NJ
6683,Gloversville,NY
6684,Calabasas,CA
6685,Sahuarita,AZ
6686,Hicksville,NY
6687,West Chester Township,OH
6688,Fort Myers,FL
6689,Alexandria,LA
6690,Tiffin,OH
6691,Ossining,NY
6692,Daly City,CA
6693,77-0468157,CA
6694,Woodside,NY
6695,Bensenville,IL
6696,Traverse City,MI
6697,Trenton,NJ
6698,Roanoke,VA
6699,Coppell,TX
6700,Pembroke Pines,FL
6701,Grants,NM
6702,Chino,CA
6703,Tahoe City,CA
6704,Depew,NY
6705,Gonzales,LA
6706,Des Moines,IA
6707,Virginia Beach,VA
6708,Cedar Park,TX
6709,Liberty Center,IA
6710,Hialeah,FL
6711,St. Charles,IL
6712,Latrobe,PA
6713,Hammond,LA
6714,La Crosse,WI
6715,Chaska,MN
6716,Cherry Hill,NJ
6717,Canton,MI
6718,Bolingbrook,IL
6719,North Kingstown,RI
6720,Dunn Loring,VA
6721,Smyrna,GA
6722,Key Biscayne,FL
6723,Chester,PA
6724,Salisbury,MD
6725,West Springfield,MA
6726,Lenexa,KS
6727,Cuthbert,GA
6728,Santa Fe,NM
6729,Kingwood,TX
6730,Magnolia,AR
6731,Miami Lakes,FL
6732,Potomac Falls,VA
6733,Feasterville,PA
6734,Marina Del Rey,CA
6735,Middleburg Heights,OH
6736,Colorado Springs,CO
6737,Lafayette,LA
6738,Hobart,IN
6739,The Colony,TX
6740,Chatsworth,GA
6741,Atltanta,GA
6742,Tiburon,CA
6743,Syosset,NY
6744,Wadena,MN
6745,Vancouver,WA
6746,Oaks,PA
6747,Yuma,AZ
6748,Merrimack,NH
6749,Owings Mills,MD
6750,Fort Lee,NJ
6751,Carlstadt,NJ
6752,Edina,MN
6753,Maywood,IL
6754,Orange City,FL
6755,Norcross,GA
6756,University,MS
6757,Livermore,CA
6758,Daytona Beach,FL
6759,Westerville,OH
6760,Conyers,GA
6761,Fulton,MD
6762,Downey,CA
6763,South Jordan,UT
6764,Buford,GA
6765,Saint Louis,MO
6766,Shrewbury,NJ
6767,Greenbelt,MD
6768,Berrien Springs,MI
6769,Waukesha,WI
6770,Weymouth,MA
6771,Brecksville,OH
6772,Olathe,KS
6773,Laguna Hills,CA
6774,Englewood Cliffs,NJ
6775,Dearborn Heights,MI
6776,New Bremen,OH
6777,Blue Ash,OH
6778,Collegedale,TN
6779,Needham,MA
6780,Grand Prairie,TX
6781,Rochelle Park,NJ
6782,Van Buren Township,MI
6783,Ipswich,MA
6784,Wilson,NC
6785,Hercules,CA
6786,Beaverton,OR
6787,Bozeman,MT
6788,Johnson City,TN
6789,Santa Fe Springs,CA
6790,Linthicum Heights,MD
6791,Lacey,WA
6792,Walnut Creek,CA
6793,Dahlonega,GA
6794,Pembroke,NC
6795,Superior,CO
6796,Clark,NJ
6797,Thousand Oaks,CA
6798,El Monte,CA
6799,East Moline,IL
6800,West Haven,CT
6801,Jamesburg,NJ
6802,Woodbridge,NJ
6803,Minnetonka,MN
6804,Chula Vista,CA
6805,Watervliet,MI
6806,Flushing,NY
6807,Meadville,PA
6808,Grand Island,NE
6809,Edwardsville,IL
6810,Beechwood,OH
6811,Grapevine,TX
6812,Mississippi State,MS
6813,Hampton,VA
6814,West Windsor,NJ
6815,Batavia,IL
6816,Mcminnville,OR
6817,Green Bay,WI
6818,Kinston,NC
6819,Lakeview Terrace,CA
6820,North Kansas City,MO
6821,Lone Tree,CO
6822,Wood Dale,IL
6823,Pontiac,MI
6824,Telford,TN
6825,Union,NJ
6826,Rogers,AR
6827,Lilburn,GA
6828,Sandy,UT
6829,Mount Airy,NC
6830,Campbell,CA
6831,Hemet,CA
6832,San Luis Obispo,CA
6833,Tuscaloosa,AL
6834,East Rutherford,NJ
6835,San Leandro,CA
6836,Bloomington,MN
6837,Elmhurst,IL
6838,Great Bend,KS
6839,Monroe,MI
6840,Tracy,CA
6841,Bar Harbor,ME
6842,Shirley,MA
6843,Poughkeepsie,NY
6844,Totowa,NJ
6845,Brea,CA
6846,Moline,IL
6847,Rutherford,NJ
6848,Lake Orion,MI
6849,South Portland,ME
6850,Paris,IL
6851,Chelmsford,MA
6852,Burlingame,CA
6853,Central Islip,NY
6854,Rossford,OH
6855,Northbrook,IL
6856,Ames,IA
6857,Warrenton,NC
6858,Fullerton,CA
6859,Deville,LA
6860,Keller,TX
6861,Cresskill,NJ
6862,St. Petersburg,FL
6863,Garfield,NJ
6864,Danville,PA
6865,Lubbock,TX
6866,Indian Trail,NC
6867,Babylon,NY
6868,Santa Rosa,CA
6869,Linthicum,MD
6870,New Castle,PA
6871,Auburn,CA
6872,Norman,OK
6873,Fall River,MA
6874,Valparaiso,IN
6875,Maumee,OH
6876,O'Fallon,MO
6877,Southington,CT
6878,Missouri City,TX
6879,Cos Cob,CT
6880,Pleasant Grove,UT
6881,Greeneville,TN
6882,Morgantown,WV
6883,Warrenville,IL
6884,East Windsor,NJ
6885,Hailey,ID
6886,Silver Spring,MD
6887,Spartanburg,SC
6888,Jefferson City,MO
6889,Decatur,IL
6890,Flagstaff,AZ
6891,Silver City,NM
6892,Coldwater,MI
6893,Los Altos,CA
6894,Easton,PA
6895,Venice,CA
6896,Thomasville,GA
6897,Lynnfield,MA
6898,Channelview,TX
6899,Eaton,OH
6900,Elkridge,MD
6901,Davis,CA
6902,Paducah,KY
6903,Prairieville,LA
6904,Avenel,NJ
6905,Plantation,FL
6906,Broomfield,CO
6907,Glen Rock,NJ
6908,Royal Oak,MI
6909,Galveston,TX
6910,Waterville,ME
6911,Riverton,NJ
6912,Waukegan,IL
6913,Tysons,VA
6914,Tukwila,WA
6915,Greenwich,CT
6916,Decorah,IA
6917,Woodinville,WA
6918,Beloit,WI
6919,West Windsor Township,NJ
6920,Corvallis,OR
6921,Elk Grove Village,IL
6922,College Park,MD
6923,Mequon,WI
6924,Lewiston,ME
6925,Los Alamos,NM
6926,Anniston,AL
6927,Shelbyville,TN
6928,Rochester Hills,MI
6929,Winston-Salem,NC
6930,Oak Park,IL
6931,Gardena,CA
6932,Westlake Village,CA
6933,East Providence,RI
6934,Camas,WA
6935,Mesa,AZ
6936,Riverview,MI
6937,Springville,UT
6938,Bismarck,ND
6939,Massena,NY
6940,Aventura,FL
6941,Summerlin,CA
6942,Manville,NJ
6943,Stillwater,OK
6944,Wesley Chapel,FL
6945,Bremerton,WA
6946,Seffner,FL
6947,Sandusky,OH
6948,Honeoye Falls,NY
6949,Nashua,NH
6950,Belle Mead,NJ
6951,Trevose,PA
6952,Winston Salem,NC
6953,Wheaton,IL
6954,Mashpee,MA
6955,Williston,SC
6956,West Caldwell,NJ
6957,Flowood,MS
6958,Fountain Valley,CA
6959,Lake Mary,FL
6960,Willoughby,OH
6961,Port Lavaca,TX
6962,New Port Richey,FL
6963,Valley Stream,NY
6964,Okemos,MI
6965,Feasterville-Trevose,PA
6966,Natchitoches,LA
6967,Goodlettsville,TN
6968,Anchorage,AK
6969,Kingsport,TN
6970,Burleson,TX
6971,Mayfield Village,OH
6972,Bohemia,NY
6973,Prairie Village,KS
6974,Wayzata,MN
6975,Livingston,NJ
6976,Somers Point,NJ
6977,Las Cruces,NM
6978,"Washington, Dc",DC
6979,Bayport,MN
6980,Ocala,FL
6981,Mission Viejo,CA
6982,Ridgefield Park,NJ
6983,Pineville,LA
6984,Lake Success,NY
6985,Billerica,MA
6986,Loma Linda,CA
6987,Cortland,NY
6988,Williamstown,MA
6989,Matawan,NJ
6990,Bala Cynwyd,PA
6991,Petaluma,CA
6992,Carlsbad,CA
6993,Forest Hill,
6994,Mountainside,NJ
6995,Bellingham,MA
6996,Delray Beach,FL
6997,Little Elm,TX
6998,Frankfort,KY
6999,Moorestown,NJ
7000,Glassboro,NJ
7001,Mc Minnville,OR
7002,Olympia,WA
7003,Somersworth,NH
7004,North Billerica,MA
7005,Fargo,ND
7006,Miamisburg,OH
7007,Coburg,OR
7008,Cheyenne,WY
7009,Westport,CT
7010,Allentown,PA
7011,Schenectady,NY
7012,Sugar Loaf,NY
7013,Taylor,TX
7014,Mill Valley,CA
7015,Casa Grande,AZ
7016,Radnor,PA
7017,Lamesa,TX
7018,Mullica Hill,NJ
7019,Deland,FL
7020,Hilliard,OH
7021,Fort Collins,CO
7022,Clearwater,FL
7023,Fountain Inn,SC
7024,Kent,OH
7025,Danboro,PA
7026,Hillsboro,OR
7027,Arden,NC
7028,Sayre,PA
7029,Aspen,CO
7030,Klamath Falls,OR
7031,Conshohocken,PA
7032,Montpelier,VT
7033,Fredericktown,PA
7034,Hasting,MN
7035,Skillman,NJ
7036,Sunderland,MA
7037,Murray Hill,NJ
7038,Fort Valley,GA
7039,Abilene,TX
7040,Riverbank,CA
7041,Cooperstown,NY
7042,Carteret,NJ
7043,Collegeville,MN
7044,Graham,NC
7045,St. Louis Park,MN
7046,Oakwood,GA
7047,Pacheco,CA
7048,North Bethesda,MD
7049,Bridgeville,PA
7050,Woodridge,IL
7051,Dekalb,IL
7052,Elon,NC
7053,Conway,AR
7054,St. Mary'S City,MD
7055,Plymouth Meeting,PA
7056,Allston,MA
7057,Indianpolis,IN
7058,Castle Pines,CO
7059,Lady Lake,FL
7060,Ada,OH
7061,Floral Park,NY
7062,Clarksville,TN
7063,Agoura Hills,CA
7064,Monett,MO
7065,Marquette,MI
7066,Kettering,OH
7067,Lanham,MD
7068,Sausalito,CA
7069,State College,PA
7070,West Lebanon,NH
7071,Woods Hole,MA
7072,New Britain,CT
7073,Holland,MI
7074,Temecula,CA
7075,Maud,OK
7076,Allen Park,MI
7077,Timonium,MD
7078,Flower Mound,TX
7079,High Point,NC
7080,Ashland,OH
7081,Westchester,IL
7082,Fair Oaks,CA
7083,Keego Harbor,MI
7084,Sebring,FL
7085,Haverford,PA
7086,Garden Grove,CA
7087,Morton Grove,IL
7088,Sioux Falls,SD
7089,Kalamazoo,MI
7090,American Fork,UT
7091,Medford,MA
7092,Broussard,LA
7093,Maumelle,AR
7094,Logan,UT
7095,Mahwah,NJ
7096,Temple Terrace,FL
7097,San Franscisco,CA
7098,Waller,TX
7099,Lansdale,PA
7100,Owosso,MI
7101,Melville,NY
7102,Gurnee,IL
7103,Salem,MA
7104,Ellenwood,GA
7105,Carriere,MS
7106,Broadlands,VA
7107,Bakersfield,CA
7108,Bay St. Louis,MS
7109,Carlisle,PA
7110,Fontana,CA
7111,Corona,CA
7112,Layton,UT
7113,Little Canada,MN
7114,Manakin Sabot,VA
7115,Clinton,NY
7116,Pickerington,OH
7117,King City,CA
7118,North Augusta,SC
7119,San Marino,CA
7120,Amite,LA
7121,Point Comfort,TX
7122,Rabun Gap,GA
7123,Upton,NY
7124,New Albany,OH
7125,Normal,IL
7126,Bingham Farms,MI
7127,Westbury,NY
7128,Ontario,CA
7129,Dalton,GA
7130,Longview,TX
7131,Olney,MD
7132,Rahway,NJ
7133,Piscatway,NJ
7134,Calhoun,GA
7135,Clifton,NJ
7136,Merced,CA
7137,Bolivar,MO
7138,Mount Vernon,NY
7139,Pearland,TX
7140,Waco,TX
7141,Yigo,GU
7142,Oak Brook,IL
7143,Battle Creek,MI
7144,Hazelwood,MO
7145,Compton,CA
7146,Rohnert Park,CA
7147,Effingham,IL
7148,Hobbs,NM
7149,Greensburg,LA
7150,Plant City,FL
7151,De Kalb,MS
7152,Fenton,MO
7153,Lakeville,MN
7154,Hapeville,GA
7155,Lewisburg,PA
7156,Florence,SC
7157,Alfred,NY
7158,Cookeville,TN
7159,Cedar Falls,IA
7160,Brookline,MA
7161,Valencia,CA
7162,Alhambra,CA
7163,St. Helens,OR
7164,Wellesley Hills,MA
7165,Republican City,NE
7166,San Clemente,CA
7167,Northridge,CA
7168,Sonoma,CA
7169,Michigan City,IN
7170,Painesville,OH
7171,Sarasota,FL
7172,Tyngsborough,MA
7173,Glenview,IL
7174,Inver Grove Heights,MN
7175,Elgin,IL
7176,Arcata,CA
7177,Lake Wales,FL
7178,Bay Harbor Islands,FL
7179,Harrison,NY
7180,Sanford,FL
7181,Menomonie,WI
7182,West Columbia,SC
7183,Fort Mill,SC
7184,Blytheville,AR
7185,Hawthorne,CA
7186,Leawood,KS
7187,"Monmouth Jn,",NJ
7188,Laie,HI
7189,Lawton,OK
7190,Watsonville,CA
7191,Uncasville,CT
7192,Milwaukie,OR
7193,Camp Hill,PA
7194,Tavares,FL
7195,Stockton,CA
7196,Roxbury,MA
7197,Gambier,OH
7198,Williamsville,NY
7199,Wixom,MI
7200,Highlands Ranch,CO
7201,Palm Coast,FL
7202,Akron,OH
7203,Cape Girardeau,MO
7204,California,CA
7205,Rego Park,NY
7206,Mojave,CA
7207,Chapel Hill,NC
7208,Monroeville,PA
7209,Winter Park,FL
7210,Bristol,PA
7211,Walnut,CA
7212,Charlestown,MA
7213,Odessa,TX
7214,Pecos,TX
7215,Chestnut Hill,MA
7216,Media,PA
7217,Galloway,NJ
7218,Hauppage,NY
7219,Fishkill,NY
7220,Chamblee,GA
7221,Corona Del Mar,CA
7222,Portsmouth,NH
7223,Spanish Fork,UT
7224,Glouscester City,NJ
7225,Coopersburg,PA
7226,Lombard,IL
7227,La Salle,IL
7228,Acworth,GA
7229,Manning,SC
7230,Carthage,IL
7231,Windsor Mill,MD
7232,Manhattan,KS
7233,Wilton,CT
7234,City Of Industry,CA
7235,St Peters,MO
7236,East Hartford,CT
7237,Madison Heights,MI
7238,Sammamish,WA
7239,Rancho Santa Margarita,CA
7240,Calverton,MD
7241,Astoria,NY
7242,Brownsville,TX
7243,Anza,CA
7244,Woodmere,NY
7245,Findlay,OH
7246,Healdsburg,CA
7247,White River Junction,NH
7248,Deteroit,MI
7249,Swiftwater,PA
7250,Kankakee,IL
7251,Mount Pleasant,MI
7252,Rancho Dominguez,CA
7253,Charles Town,WV
7254,Rockleigh,NJ
7255,Utica,NY
7256,Howell,NJ
7257,Saint Peters,MO
7258,Downingtown,PA
7259,Littleton,CO
7260,Rancho Cucamonga,CA
7261,Daphne,AL
7262,Marana,AZ
7263,North Reading,MA
7264,Alpena,MI
7265,Picayune,MS
7266,Mobile,AL
7267,Clemson,SC
7268,Stow,MA
7269,Plattsburgh,NY
7270,Annapolis,MD
7271,Irwindale,CA
7272,Concord Township,OH
7273,Morganville,NJ
7274,Othello,WA
7275,Atchison,KS
7276,Aberdeen,NJ
7277,Whitestown,IN
7278,Missouri,TX
7279,North Hollywood,CA
7280,San Juan Capistrano,CA
7281,Gastonia,NC
7282,Romeoville,IL
7283,Naugatuck,CT
7284,Merrillville,IN
7285,Medley,FL
7286,Clewiston,FL
7287,Park Ridge,IL
7288,Wynnewood,PA
7289,Skokie,IL
7290,Allendale,MI
7291,Northborough,MA
7292,Voorhees,NJ
7293,Modesto,CA
7294,West Reading,PA
7295,Cedar City,UT
7296,Carson City,NV
7297,East Chicago,IN
7298,Valley City State University,ND
7299,Reddick,FL
7300,Sparks,MD
7301,Oakbrook,IL
7302,Mason City,IA
7303,Lewis Center,OH
7304,West Bloomfield,MI
7305,Westford,MA
7306,Steamboat Springs,CO
7307,East Orange,NJ
7308,Milledgeville,GA
7309,Mishawaka,IN
7310,Neptune,NJ
7311,Glen Ellyn,IL
7312,Galliano,LA
7313,Westfield Center,OH
7314,Perryville,MO
7315,Florham Park,NJ
7316,Williamsport,MD
7317,Crosby,ND
7318,Wheeling,IL
7319,Turlock,CA
7320,St. Peters,MO
7321,Berwyn,PA
7322,Encinco,CA
7323,Springboro,OH
7324,West Valley City,UT
7325,Sherman Oaks,CA
7326,Nampa,ID
7327,Waianae,HI
7328,Seaman,OH
7329,Winchester,VA
7330,Wooster,OH
7331,Northvale,NJ
7332,Creve Coeur,MO
7333,Perth Amboy,NJ
7334,Bay City,WI
7335,Wellington,FL
7336,Atwood,KS
7337,Orono,ME
7338,Macon,GA
7339,Catonsville,MD
7340,Dunshore,PA
7341,Denmark,SC
7342,Great Neck,NY
7343,Gettysburg,PA
7344,Medfield,MA
7345,Lagrangeville,NY
7346,Hatboro,PA
7347,Henrdon,VA
7348,Elsah,IL
7349,Independence,OH
7350,Mankato,MN
7351,Bowie,MD
7352,Westbrook,ME
7353,Highland Heights,KY
7354,Murfreesboro,TN
7355,Crawfordsville,IN
7356,Muncie,IN
7357,Ocoee,FL
7358,Branson,MO
7359,Park City,UT
7360,Norwood,NJ
7361,Ramsey,MN
7362,Ft. Smith,AR
7363,"Totowa, Nj",NJ
7364,Buena Park,CA
7365,Winnebago,NE
7366,Commerce,CA
7367,Broken Arrow,OK
7368,East Berlin,CT
7369,Estero,FL
7370,Union City,CA
7371,Lewes,DE
7372,Forth Worth,TX
7373,Parsippaby,NJ
7374,South Boston,VA
7375,Marina,CA
7376,Whittier,CA
7377,Campbellsville,KY
7378,Three Rivers,CA
7379,Granville,OH
7380,Saint Paul,MN
7381,Jupiter,FL
7382,Ft. Worth,TX
7383,Landing,NJ
7384,Nocross,GA
7385,Middeltown,DE
7386,Panama City,FL
7387,Hackensack,NJ
7388,Ormond Beach,FL
7389,Humacao,PR
7390,Jessup,MD
7391,La Palma,CA
7392,Elmsford,NY
7393,Christiana,DE
7394,Martinsville,VA
7395,Hyattsville,MD
7396,South Miami,FL
7397,Barrington,IL
7398,Mettawa,IL
7399,Wilkes-Barre,PA
7400,South Holland,IL
7401,San Juan,PR
7402,Severna Park,MD
7403,Metairie,LA
7404,Youngstown,OH
7405,Spring Hill,FL
7406,Loveland,CO
7407,Cullowhee,NC
7408,Palm Beach Gardens,FL
7409,Centreville,VA
7410,Hamden,CT
7411,Winnsboro,SC
7412,Aldie,VA
7413,Sioux City,IA
7414,Hollister,CA
7415,Aguadilla,PR
7416,Socorro,NM
7417,Phoenixville,PA
7418,Wantagh,NY
7419,New Braunfels,TX
7420,Atlantic City,NJ
7421,Danvers,MA
7422,Haverhill,MA
7423,Holly,MI
7424,New Plymouth,ID
7425,Tulare,CA
7426,Monticello,NY
7427,Bensalem,PA
7428,Rancho  Cucamonga,CA
7429,Villanova,PA
7430,Gloucester City,NJ
7431,Greenfield,IN
7432,Tucker,GA
7433,Arbuckle,CA
7434,Woodland,CA
7435,Poway,CA
7436,Conroe,TX
7437,Hackettstown,NJ
7438,South Charleston,WV
7439,Hagerstown,MD
7440,Sonora,CA
7441,Kildeer,IL
7442,Delaware,OH
7443,Palatine,IL
7444,Ridgewood,NY
7445,Ocean Springs,MS
7446,Beachwood,OH
7447,Saipan,MP
7448,Pearl River,NY
7449,Hornell,NY
7450,Hickory,NC
7451,Cibecue,AZ
7452,Melbourne,FL
7453,Chadds Ford,PA
7454,Hazel Park,MI
7455,Tewksbury,MA
7456,Kingstree,SC
7457,Federal Way,WA
7458,Marlton,NJ
7459,Lee'S Summit,MO
7460,Virginia,VA
7461,Mesquite,TX
7462,Piketon,OH
7463,Monrovia,CA
7464,Saint Cloud,MN
7465,Wall,NJ
7466,West Hills,CA
7467,Gray Court,SC
7468,Scottsbluff,NE
7469,Kirksville,MO
7470,Oceanside,NY
7471,National City,CA
7472,Little Ferry,NJ
7473,Sicklerville,NJ
7474,Driggs,ID
7475,Pompano Beach,FL
7476,Provo Canyon,UT
7477,Mccook,NE
7478,Sells,AZ
7479,College Place,WA
7480,Cottage Grove,MN
7481,Machesney Park,IL
7482,Tolleson,AZ
7483,Riverdale,MD
7484,Grantsburg,WI
7485,Madera,CA
7486,Cranford,NJ
7487,Sullivan,MO
7488,Towner,ND
7489,Waterbury,CT
7490,Springdale,AR
7491,San Bernardino,CA
7492,Orland Park,IL
7493,Newberry,FL
7494,Medina,MN
7495,Brighton,MI
7496,Pensacola,FL
7497,Egg Harbor Township,NJ
7498,Huntington,WV
7499,Benton Harbor,MI
7500,Brawley,CA
7501,Ruston,LA
7502,Safford,AZ
7503,Agat,GU
7504,Olean,NY
7505,Huntington Beach,CA
7506,Siloam Springs,AR
7507,Saint Matthews,SC
7508,Spring Valley,CA
7509,Bryan,TX
7510,Rosemead,CA
7511,Ypsilanti,MI
7512,Encino,CA
7513,Warrendale,PA
7514,Byron Center,MI
7515,Mansfield,MA
7516,North Miami,FL
7517,Douglassville,PA
7518,St. Cloud,MN
7519,Miramar Beach,FL
7520,Rocky Hill,CT
7521,Washington D.C.,DC
7522,Fairbanks,AK
7523,Redford,MI
7524,Pilot Point,TX
7525,Sunnyside,WA
7526,Mt Pleasant,WI
7527,Dalllas,TX
7528,Ville Platte,LA
7529,Wylie,TX
7530,Cheswick,PA
7531,Dubuque,IA
7532,Williamston,MI
7533,Gold River,CA
7534,Baudette,MN
7535,Simpsonville,SC
7536,Bellmawr,NJ
7537,Telluride,CO
7538,Hopkins,MN
7539,Mount Prospect,IL
7540,Santa Clarita,CA
7541,Crownpoint,NM
7542,East Greenwich,RI
7543,North Edwards,CA
7544,Tuskegee Institute,AL
7545,Beaumont,TX
7546,Minneapoli,MN
7547,Stuart,FL
7548,Pawtucket,RI
7549,Kendall Park,NJ
7550,Northlake,IL
7551,City Of Commerce,CA
7552,Rocky Mount,NC
7553,Lansdowne,VA
7554,San Marcos,TX
7555,Marysville,OH
7556,Petrolia,TX
7557,Halethorpe,MD
7558,Hays,KS
7559,Forest,VA
7560,Holliston,MA
7561,Snoqualmie,WA
7562,Blacklick,OH
7563,Oneonta,NY
7564,Pomona,NY
7565,Jamaica,NY
7566,Commerce Township,MI
7567,Crystal Lake,IL
7568,Coconut Grove,FL
7569,Bridgeport,CT
7570,Fort Washington,PA
7571,Claremont,NH
7572,Boothwyn,PA
7573,Equinunk,PA
7574,Missoula,MT
7575,Research Triangle Park,NC
7576,Kissimmee,FL
7577,Holladay,UT
7578,Doraville,GA
7579,Oconomowoc,WI
7580,Half Moon Bay,CA
7581,Huntingdon Valley,PA
7582,Marble Falls,TX
7583,Yardley,PA
7584,Darien,CT
7585,Bethel,CT
7586,Vineland,NJ
7587,Garland,TX
7588,Gahanna,OH
7589,South Haven,MI
7590,Queens,NY
7591,Suffolk,VA
7592,Rockaway,NJ
7593,Valhalla,NY
7594,Kittanning,PA
7595,Dunwoody,GA
7596,West Henrietta,NY
7597,Hiram,OH
7598,Ocean,NJ
7599,Clackamas,OR
7600,N Kingstown,RI
7601,Lakewood Ranch,FL
7602,Ottawa,KS
7603,Bayside,NY
7604,Laguna Niguel,CA
7605,Hempstead,NY
7606,Scotch Plains,NJ
7607,North Haven,CT
7608,Mexico,MO
7609,Galena Park,TX
7610,Brenham,TX
7611,Belleville,NJ
7612,La Porte,TX
7613,Llano,TX
7614,Apple Valley,MN
7615,South Windsor,CT
7616,Sugarland,TX
7617,Cold Spring Harbor,NY
7618,Fredericksburg,VA
7619,Euless,TX
7620,Aiea,HI
7621,"Somerville,",NJ
7622,Ruidoso,NM
7623,Marksville,LA
7624,El Cajon,CA
7625,Walterboro,SC
7626,Meridian,ID
7627,Old Tappan,NJ
7628,Riviera Beach,FL
7629,Deforest,WI
7630,Belle Plaine,MN
7631,Zephyrhills,FL
7632,College Point,NY
7633,Plainsboro Township,NJ
7634,Lost Hills,CA
7635,Wethersfield,CT
7636,Celebration,FL
7637,Thief River Falls,MN
7638,Rapid City,SD
7639,Alvarado,TX
7640,Forest Park,IL
7641,Redwood,CA
7642,Yanceyville,NC
7643,San Francsico,CA
7644,Titusville,PA
7645,Hingham,MA
7646,Vista,CA
7647,Mt. Pleasant,MI
7648,Pella,IA
7649,Uniondale,NY
7650,Maple Grove,MN
7651,Nazareth,PA
7652,Milton,MA
7653,Asheville,NC
7654,Weehawken,NJ
7655,Henrico,VA
7656,Oxnard,CA
7657,Mineola,NY
7658,Cranston,RI
7659,Scituate,MA
7660,Grafton,ND
7661,Glen Burnie,VA
7662,Barnwell,SC
7663,Suffern,NY
7664,Moonachie,NJ
7665,Lincoln City,OR
7666,Coos Bay,OR
7667,Palm Springs,CA
7668,Grand Junction,CO
7669,Viera,FL
7670,Edgewood,IA
7671,Uvalde,TX
7672,Potsdam,NY
7673,Coraopolis,PA
7674,Curtis Bay,MD
7675,Boxborough,MA
7676,Montville,NJ
7677,Westland,MI
7678,Hartsville,SC
7679,Mineral Wells,TX
7680,Farwell,MI
7681,Cuddebackville,NY
7682,Neenah,WI
7683,Norwell,MA
7684,Peachtree City,GA
7685,Forney,TX
7686,Zeeland,MI
7687,Saint Francis,SD
7688,Westwood,MA
7689,Max,ND
7690,Red Rock,OK
7691,Temple City,CA
7692,Saint Joseph,MI
7693,Darlington,SC
7694,Shakopee,MN
7695,Tuscon,AZ
7696,Rock Island,IL
7697,Glen Cove,NY
7698,Cortez,CO
7699,Bollingbrook,IL
7700,Farmington  Hills,MI
7701,Tuskegee University,AL
7702,Charlotte Amalie,VI
7703,Painview,NY
7704,Olympia Fields,IL
7705,East Syracuse,NY
7706,Caliente,NV
7707,Staunton,VA
7708,Amarillo,TX
7709,Irvington,NY
7710,Oswego,NY
7711,Victoria,TX
7712,Vestal,NY
7713,Oak Creek,WI
7714,Moore,OK
7715,Clarkston,MI
7716,Turnersville,NJ
7717,Ft. Mill,SC
7718,Coconut Creek,FL
7719,Wakefield,MA
7720,Ayer,MA
7721,Mangilao,GU
7722,Americus,GA
7723,Zionsville,IN
7724,Marion,SC
7725,Portales,NM
7726,Council Bluffs,IA
7727,Stratford,CT
7728,Boynton Beach,FL
7729,Fairless Hills,PA
7730,Bellbrook,OH
7731,La Vergne,TN
7732,Osceola,AR
7733,Coeur D'Alene,ID
7734,Warrensburg,MO
7735,Morton,WA
7736,North Autora,IL
7737,Alice,TX
7738,Elkhart,IN
7739,Laurel,MD
7740,Pine Bluff,AR
7741,Saline,MI
7742,Manvel,TX
7743,Kenilworth,NJ
7744,Parlier,CA
7745,Ardmore,OK
7746,Fairport,NY
7747,Nicholasville,KY
7748,Beckley,WV
7749,Hibbing,MN
7750,Paterson,NJ
7751,Shepherdsville,KY
7752,Manteca,CA
7753,Tullahoma,TN
7754,Douglas,AZ
7755,Wawa,PA
7756,Lakeville-Middleboro,MA
7757,St  Louis,MO
7758,Kerrville,TX
7759,Scranton,PA
7760,Alma,MI
7761,Napa,CA
7762,Murray,UT
7763,Salina,KS
7764,Fowlerville,MI
7765,Vonore,TN
7766,Farmville,VA
7767,St. Clair Shores,MI
7768,Alturas,CA
7769,Torrington,CT
7770,Mora,MN
7771,Winnemucca,NV
7772,Lagrange,IL
7773,Grinnell,IA
7774,Rugby,ND
7775,Fairhaven,MA
7776,Holyoke,MA
7777,Tumon,GU
7778,Brookings,SD
7779,Hillsdale,MI
7780,Rollingwood,TX
7781,Anderson,SC
7782,Bartlett,TN
7783,Whitewater,WI
7784,Green Brook,NJ
7785,Clarence,NY
7786,Bolton,MA
7787,Splendora,TX
7788,Plainview,NY
7789,Greer,SC
7790,Century City,CA
7791,Brookhaven,NY
7792,Adrian,MI
7793,South Jordon,UT
7794,Los Alamitos,CA
7795,Montclair,NJ
7796,Carroll,IA
7797,Carpinteria,CA
7798,Fairlawn,OH
7799,Jericho,NY
7800,Hardeeville,SC
7801,Carson,CA
7802,Queensbury,NY
7803,Westfield,IN
7804,Austell,GA
7805,"Loveland,",CO
7806,Cherryfield,ME
7807,New Hartford,NY
7808,Darnestown,MD
7809,Tuba City,AZ
7810,Kansas,MO
7811,Dresher,PA
7812,Lindenhurst,NY
7813,Cinnaminson,NJ
7814,Tallulah,LA
7815,Braintree,MA
7816,Salinas,CA
7817,Joplin,MO
7818,Raritan,NJ
7819,Pierre,SD
7820,Belle,WV
7821,Cranberry Township,PA
7822,Clarksburg,MD
7823,Portola,CA
7824,Terrell,TX
7825,Colonial Heights,VA
7826,Muskogee,OK
7827,Vidalia,LA
7828,Byers,CO
7829,Hazlet,NJ
7830,Chenoa,IL
7831,Alsip,IL
7832,Grove City,OH
7833,Clarendon,TX
7834,Goldsboro,NC
7835,Covina,CA
7836,Halifax,NC
7837,Terre Haute,IN
7838,Clay City,KY
7839,Adairsville,GA
7840,College Grove,TN
7841,Georgetown,TX
7842,Malden,MA
7843,Farmingdale,NY
7844,Lorain,OH
7845,Paramount,CA
7846,Foxborough,MA
7847,Lake Charles,LA
7848,Higganum,CT
7849,Fairhope,AL
7850,Plainfield,IL
7851,Ricjmond,VA
7852,Fort Stockton,TX
7853,Scotts Valley,CA
7854,Pearl City,HI
7855,Cloquet,MN
7856,Fort Meyers,FL
7857,Rincon,GA
7858,Monroe Twp,NJ
7859,Mammoth Lakes,CA
7860,Flemington,NJ
7861,Solana Beach,CA
7862,Cottondale,AL
7863,Dodgeville,WI
7864,Seligman,AZ
7865,Rumford,RI
7866,Thibodaux,LA
7867,Morganton,NC
7868,Upper Marlboro,MD
7869,Bagdad,AZ
7870,Whitefish,MT
7871,Liberty Lake,WA
7872,Little Chute,WI
7873,Ridgeland,SC
7874,Manalapan,NJ
7875,Pinon,AZ
7876,Clinton Township,MI
7877,Huntersville,NC
7878,Chickasha,OK
7879,Lompoc,CA
7880,Walker,MI
7881,Coral Springs,FL
7882,Pattison,TX
7883,Hazle Township,PA
7884,Mckee,KY
7885,Ottsville,PA
7886,Mt Laurel,NJ
7887,Waterloo,WI
7888,Branchburg,NJ
7889,Atherton,CA
7890,Kingman,AZ
7891,Champaign,IL
7892,Hopkinton,MA
7893,Geneva,NY
7894,Stoughton,MA
7895,Jemez Pueblo,NM
7896,Gaffney,SC
7897,Calimesa,CA
7898,Fairbury,NE
7899,Los Angeles Ca,CA
7900,Anthony,KS
7901,Loomis,CA
7902,Encinitas,CA
7903,Northville Twp,MI
7904,Brevard,NC
7905,Romeo,MI
7906,Alamogordo,NM
7907,Sibley,IA
7908,Azusa,CA
7909,Morris Plains,NJ
7910,Eagan,MN
7911,Belvidere,IL
7912,Hershey,PA
7913,Old Westbury,NY
7914,Mountlake Terrace,WA
7915,Storrs Mansfield,CT
7916,Bennington,VT
7917,Glens Falls,NY
7918,Rome,GA
7919,Brooklyn Heights,NY
7920,Latham,NY
7921,Oxford,OH
7922,Wauwatosa,WI
7923,San Bruno,CA
7924,Waxhaw,NC
7925,South Barrington,IL
7926,Lolita,TX
7927,Shelby Township,MI
7928,Franklin Park,IL
7929,Seminole,TX
7930,Clarks Summit,PA
7931,Dunkirk,NY
7932,Verona,WI
7933,Wyomissing,PA
7934,Cerritos,CA
7935,Long Island,NY
7936,Cooper City,FL
7937,Brooklyn Park,MN
7938,Avon,OH
7939,Upper Tumon,GU
7940,Bandon,OR
7941,Sheridan,WY
7942,Playa Vista,CA
7943,North Canton,OH
7944,Hallandale Beach,FL
7945,Duckwater,NV
7946,Stallings,NC
7947,Fuquay Varina,NC
7948,Jenkintown,PA
7949,Valentine,NE
7950,Woodstock,IL
7951,Mcdonald,TN
7952,Frarmington,CT
7953,North Palm Beach,FL
7954,Boonton,NJ
7955,Van Nuys,CA
7956,Alliance,OH
7957,Dothan,AL
7958,Simi Valley,CA
7959,Spokane,WA
7960,Etters,PA
7961,Longwood,FL
7962,Washougal,WA
7963,Fruitland,ID
7964,Foxboro,MA
7965,Haines City,FL
7966,Tangent,OR
7967,Menlo  Park,CA
7968,Barrow,AK
7969,Highland Park,IL
7970,Silverton,CO
7971,Tucumcari,NM
7972,Earth City,MO
7973,Clermont,FL
7974,San Fransisco,CA
7975,Moorpark,CA
7976,Parker,CO
7977,Chatham,NJ
7978,Saukville,WI
7979,Mcpherson,KS
7980,Clear Lake,IA
7981,Marshfield,WI
7982,Hurst,TX
7983,Penn Yan,NY
7984,Tooele,UT
7985,Blair,NE
7986,Weatherford,TX
7987,Sandpoint,ID
7988,Bullhead City,AZ
7989,Sheffield,MA
7990,Chagrin Falls,OH
7991,Wake Forest,NC
7992,Erlanger,KY
7993,Washington Dc,DC
7994,Moscow,ID
7995,Yonkers,NY
7996,Crystal City,TX
7997,Carol Stream,IL
7998,Vincennes,IN
7999,Millersville,MD
8000,East Boston,MA
8001,Baldwin,NY
8002,Stigler,OK
8003,Autin,TX
8004,Golden Valley,MN
8005,Hagatna,GU
8006,Severn,MD
8007,Bridgeton,MO
8008,Sparkill,NY
8009,Colchester,VT
8010,Chelsea,MA
8011,Manhasset,NY
8012,Palmetto Bay,FL
8013,Gold Beach,OR
8014,Foley,AL
8015,Florida City,FL
8016,Indianola,MS
8017,Bangor,ME
8018,Channahon,IL
8019,Hasbrouck Heights,NJ
8020,North Andover,MA
8021,Le Mars,IA
8022,Yorba Linda,CA
8023,Belcamp,MD
8024,Arecadia,FL
8025,Amenia,NY
8026,Saratoga Springs,NY
8027,La Habra,CA
8028,Oakton,VA
8029,Walkersville,MD
8030,North Little Rock,AR
8031,Lauderhill,FL
8032,West Covina,CA
8033,Paoli,PA
8034,University Center,MI
8035,Biddeford,ME
8036,Pepper Pike,OH
8037,Ft Lauderdale,FL
8038,Middleborough,MA
8039,Choudrant,LA
8040,Hopedale,IL
8041,Olmsted Township,OH
8042,Muscatine,IA
8043,North Newton,KS
8044,Shaker Heights,OH
8045,Moorhead,MN
8046,North Wales,PA
8047,Forrest City,AR
8048,Kermit,TX
8049,Waverly,OH
8050,Guymon,OK
8051,Kennebunk,ME
8052,West Seneca,NY
8053,Upper Montclair,NJ
8054,St. Bonaventure,NY
8055,"Farmers Branch,",TX
8056,Summit,NJ
8057,Murrieta,CA
8058,New Concord,OH
8059,Marengo,IL
8060,Menands,NY
8061,Homestead,FL
8062,Tioga,ND
8063,Palmetto,FL
8064,Kohler,WI
8065,Rosedale,NY
8066,Selden,NY
8067,Sterling Heights,MI
8068,Des Plaines,IL
8069,Hudson,NY
8070,Chanute,KS
8071,Big Rapids,MI
8072,Yazzoo City,MS
8073,New Berlin,NY
8074,Deleon Springs,FL
8075,Manassas Park,VA
8076,Pocatello,ID
8077,Hermiston,OR
8078,Fairmont,MN
8079,Tualatin,OR
8080,Meadowview,VA
8081,Dowagiac,MI
8082,Usa,NY
8083,Bound Brook,NJ
8084,Doylestown,PA
8085,South Elgin,IL
8086,Tuskegee,AL
8087,Goodwell,OK
8088,Pleasant Prairie,WI
8089,The Villages,FL
8090,New Brighton,MN
8091,Forest Lake,MN
8092,Willowbrook,IL
8093,Pueblo,CO
8094,Elmwood Park,NJ
8095,Gregory,TX
8096,Oak Bluffs,MA
8097,Cottonwood Heights,UT
8098,Hamilton Township,NJ
8099,Albion,MI
8100,Cocoa Beach,FL
8101,West Roxbury,MA
8102,La Mirada,CA
8103,Anita,IA
8104,Hendersonville,TN
8105,Allegan,MI
8106,Duncan,SC
8107,Hilo,HI
8108,Hopkinsville,KY
8109,South Dartmouth,MA
8110,White Salmon,WA
8111,Central,SC
8112,Prospect,KY
8113,French Camp,CA
8114,Rialto,CA
8115,Bayonne,NJ
8116,Sun Prairie,WI
8117,New Rochelle,NY
8118,Laurinburg,NC
8119,Carrolton,TX
8120,Kimball,NE
8121,Conklin,NY
8122,Alamosa,CO
8123,Noblesville,IN
8124,St. Helena,CA
8125,Great Falls,MT
8126,Stephenville,TX
8127,Shelby Twp,MI
8128,Mountain Village,AK
8129,League City,TX
8130,Maineville,OH
8131,North Adams,MA
8132,Elmira,NY
8133,Indiana,PA
8134,Batesburg-Leesville,SC
8135,Carpentersville,IL
8136,Hannibal,MO
8137,D/Fw Airport,TX
8138,Mundelein,IL
8139,Munhall,PA
8140,Winter Garden,FL
8141,Farmingtonhills,MI
8142,Dana Point,CA
8143,New Paltz,NY
8144,Lusby,MD
8145,Groveland,MA
8146,Ballwin,MO
8147,Coram,NY
8148,Cartersville,GA
8149,Coral Gabels,FL
8150,Culver,IN
8151,East Walpole,MA
8152,Papillion,NE
8153,Los Banos,CA
8154,Delano,CA
8155,Glenwood Springs,CO
8156,West Fargo,ND
8157,Mcclellan Park,CA
8158,Boyertown,PA
8159,Pipestone,MN
8160,Altoona,PA
8161,Gilbertsville,PA
8162,Bridgeview,IL
8163,Hugoton,KS
8164,Hawley,PA
8165,Easley,SC
8166,Bedford Hills,NY
8167,West Desmoines,IA
8168,Piperton,TN
8169,Warwick,RI
8170,Calvert,AL
8171,Biloxi,MS
8172,Collingdale,PA
8173,Canandaigua,NY
8174,Parkville,MO
8175,Sylmar,CA
8176,N. Kansas City,MO
8177,Wesford,MA
8178,Mount Desert,ME
8179,North Charleston,SC
8180,Teec Nos Pos,AZ
8181,Blandon,PA
8182,New Smyrna Beach,FL
8183,Old Bridge,NJ
8184,"Southborough,",MA
8185,Gordonsville,TN
8186,Billings,MT
8187,Zuni,NM
8188,Monroe Township,NJ
8189,East Greenville,PA
8190,Sidney,OH
8191,Falmouth,MA
8192,Centerville,VA
8193,Ford Lauderdale,FL
8194,South Orange,NJ
8195,Capitol Heights,MD
8196,Lale Forest,IL
8197,Hartland,WI
8198,Glendale Heights,IL
8199,River Heights,UT
8200,Red Bluff,CA
8201,Hood River,OR
8202,Vail,CO
8203,Whitestone,NY
8204,Broomall,PA
8205,Bonita Springs,FL
8206,Malone,NY
8207,Humble,TX
8208,Argyle,NY
8209,Green Brook Township,NJ
8210,Piti,GU
8211,Amityville,NY
8212,Unalakeet,AK
8213,Murrysville,PA
8214,Grass Valley,CA
8215,Ste. 201,CA
8216,Summerville,SC
8217,Wilsonville,OR
8218,Mclaughlin,SD
8219,Dilworth,MN
8220,Sharonville,OH
8221,Thatcher,AZ
8222,Ashbrun,VA
8223,Daleville,IN
8224,Windham,NY
8225,Paynesville,MN
8226,Fort Yates,ND
8227,Mount Olive / Budd Lake,NJ
8228,Thiensville,WI
8229,Agana Heights,GU
8230,"Charlotte, Nc, 28262",NC
8231,Hinesburg,VT
8232,Corte Madera,CA
8233,Smithtown,NY
8234,Sparks Glencoe,MD
8235,Honesdale,PA
8236,North Dartmouth,MA
8237,Seaside,CA
8238,Commerce Twp.,MI
8239,Portland (Multnomah),OR
8240,Hartsdale,NY
8241,Manitowoc,WI
8242,Cuptertino,CA
8243,Romulus,MI
8244,Havertown,PA
8245,Steubenville,OH
8246,Sigourney,IA
8247,Woodcliff Lake,NJ
8248,Marshall,MN
8249,Visalia,CA
8250,N. Chesterfield,VA
8251,Haddon Heights,NJ
8252,Britt,IA
8253,Port Chester,NY
8254,Havre,MT
8255,Oklahoma,OK
8256,Rensselaer,NY
8257,Oak Brook Terrace,IL
8258,Dubois,PA
8259,Arden Hills,MN
8260,Ledgewood,NJ
8261,Wyoming,DE
8262,Casper,WY
8263,Schofield,WI
8264,Bloomsburg,PA
8265,Artesia,CA
8266,Colleyville,TX
8267,Saddle Brook,NJ
8268,Pender,NE
8269,Ravenna,OH
8270,East Granby,CT
8271,Pasco,WA
8272,Annandale,VA
8273,Hoschton,GA
8274,West Warwick,RI
8275,Lake Forest Park,WA
8276,Antioch,CA
8277,Belgrade,MT
8278,Hastings,NE
8279,Mount Kisco,NY
8280,Hoisington,KS
8281,Lake Zurich,IL
8282,South El Monte,CA
8283,Melrose Park,IL
8284,Winona,MN
8285,Bottineau,ND
8286,Hot Springs,AR
8287,Rio Grande,OH
8288,Whitmore Lake,MI
8289,Mahomet,IL
8290,Peterborough,NH
8291,Marblehead,MA
8292,Baldwin Park,CA
8293,Devens,MA
8294,Gloucester,NJ
8295,Teterboro,NJ
8296,Grands Rapid,MI
8297,Santa Paula,CA
8298,Dumas,TX
8299,Kearny,NJ
8300,Jamestown,ND
8301,Howard Beach,NY
8302,Yabucoa,PR
8303,Crockett,TX
8304,Onaga,KS
8305,Chesterton,IN
8306,Carnegie,PA
8307,Vallejo,CA
8308,Big Bear Lake,CA
8309,Lawndale,CA
8310,Yakima,WA
8311,Peru,IL
8312,Lima,OH
8313,Mountain Lakes,NJ
8314,Homewood,AL
8315,Monmouth Juction,NJ
8316,Souderton,PA
8317,Dobbs Ferry,NY
8318,Bowdle,SD
8319,Orion,MI
8320,Blaine,MN
8321,Niantic,CT
8322,Dickinson,ND
8323,Delran,NJ
8324,Virginia State University,VA
8325,Pflugerville,TX
8326,East Setauket,NY
8327,Lower Gwynedd,PA
8328,East Dundee,IL
8329,Morgan Hill,CA
8330,Coralville,IA
8331,Moraine,OH
8332,Ogdensburg,NY
8333,West Desmonies,IA
8334,Lorman,MS
8335,Cassopolis,MI
8336,Stanley,ND
8337,Upper Arlington,OH
8338,Emporium,PA
8339,Rye Brook,NY
8340,Sleepy Eye,MN
8341,Northampton,MA
8342,Bethany,CT
8343,Minster,OH
8344,Gulf Stream,FL
8345,West Concord,MA
8346,Newington,CT
8347,Bridgewater Township,NJ
8348,Russell Springs,KY
8349,West Plains,MO
8350,New Hudson,MI
8351,Glen Mills,PA
8352,Lander,WY
8353,Bay Shore,NY
8354,Detoit,MI
8355,Dundee,MI
8356,Colmar,PA
8357,Saint Louis Park,MN
8358,Margate,FL
8359,Guaynabo,PR
8360,Bastrop,TX
8361,Fitchburg,MA
8362,Prosser,WA
8363,Bushnell,FL
8364,Mount Dora,FL
8365,Winnetka,IL
8366,Lumberton,TX
8367,"Wallingford,",CT
8368,Hatch,NM
8369,West Hempstead,NY
8370,Hermitage,PA
8371,Saxtons River,VT
8372,New Providence,NJ
8373,St. Mary’S,PA
8374,Palm Beach,FL
8375,Schereville,IN
8376,Vero Beach,FL
8377,Monterey Park,CA
8378,Mt. Laurel,NJ
8379,Des Peres,MO
8380,Elkride,MD
8381,Elkrridge,MD
8382,Cockeysville,MD
8383,Liberty,MO
8384,Eastsound,WA
8385,Nevada,MO
8386,De Pere,WI
8387,Pratt,KS
8388,Lincolnwood,IL
8389,Mccomb,MS
8390,Hopland,CA
8391,Buda,TX
8392,Bryn Mawr,PA
8393,Ellenville,NY
8394,Morrow,GA
8395,Lrving,TX
8396,Owensboro,KY
8397,Berea,OH
8398,Oceanport,NJ
8399,Winter Springs,FL
8400,Lantana,FL
8401,Saugus,CA
8402,North Bergen,NJ
8403,Chanhassen,MN
8404,Greene,NY
8405,Upland,IN
8406,St. Thomas,VI
8407,Sparta,TN
8408,Winneconne,WI
8409,Tecumseh,MI
8410,Branford,CT
8411,Grand Blanc,MI
8412,Benicia,CA
8413,Healy,AK
8414,Peabody,MA
8415,Sodus,NY
8416,Thornton,CO
8417,Lustre,MT
8418,Aguila,AZ
8419,"Sterling,",VA
8420,Chino Hills,CA
8421,South Pasadena,CA
8422,Tougaloo,MS
8423,Ringtown,PA
8424,Tahoka,TX
8425,Seymour,IN
8426,London,
8427,Millsboro,DE
8428,South Brunswick,NJ
8429,Audubon,PA
8430,Yerington,NV
8431,Princeton Jct,NJ
8432,Jonesboro,AR
8433,Sea Girt,NJ
8434,Heber City,UT
8435,St. Francis,KS
8436,Lincroft,NJ
8437,Debary,FL
8438,Tupelo,MS
8439,St. Croix,VI
8440,Opa-Locka,FL
8441,Wexford,PA
8442,Kaysville,UT
8443,Montezuma,GA
8444,Superior Township,MI
8445,Piedmont,SC
8446,Commack,NY
8447,Kailua-Kona,HI
8448,Lynnwood,WA
8449,Powell,OH
8450,Nettleton,MS
8451,Kapolei,HI
8452,Lyndhurst,NJ
8453,Damascus,MD
8454,Dewitt,AR
8455,Institute,WV
8456,Livona,MI
8457,St.  Louis,MO
8458,Iriving,TX
8459,Knoxvile,TN
8460,Vermillion,SD
8461,Ocilla,GA
8462,Leonia,NJ
8463,Malibu,CA
8464,New Iberia,LA
8465,Sellersville,PA
8466,Rancho Cordova,CA
8467,Potomac,MD
8468,Sewickley,PA
8469,Bend,OR
8470,Ogunquit,ME
8471,Galena,KS
8472,Cordova,TN
8473,Coon Rapids,MN
8474,West Berlin,NJ
8475,La Grange,IL
8476,Guilford,CT
8477,Colombus,OH
8478,Thomaston,CT
8479,Rockwall,TX
8480,Yukon,OK
8481,Lorton,VA
8482,Point Roberts,WA
8483,Schererville,IN
8484,Elizabethtown,KY
8485,Town And Country,MO
8486,Gadsden,AL
8487,Gig Harbor,WA
8488,Closter,NJ
8489,Naugautck,CT
8490,West Sacramento,CA
8491,Varnville,SC
8492,Moraga,CA
8493,Sunny Isles Beach,FL
8494,Montauk,NY
8495,St Paul,MN
8496,Bannockburn,IL
8497,Dunseith,ND
8498,Arlington Heights Rd,IL
8499,Lynn,MA
8500,Granby,MO
8501,Watchung,NJ
8502,Sault Ste Marie,MI
8503,Savage,MN
8504,Lordsburg,NM
8505,Hettinger,ND
8506,Boston Heights,OH
8507,Hacienda Heights,CA
8508,Great Barrington,MA
8509,Lordstown,OH
8510,Glen Oaks,NY
8511,Ijamsville,MD
8512,Waxahachie,TX
8513,"New York,",NY
8514,Hernson,VA
8515,Cheshire,CT
8516,Mt. Washington,KY
8517,Chicopee,MA
8518,Ketchun,ID
8519,Pewaukee,WI
8520,Mystic,CT
8521,Port Huron,MI
8522,Sharidan,WY
8523,Trumbull,CT
8524,Maryville,MO
8525,St Petersburg,FL
8526,Del Norte,CO
8527,Leadville,CO
8528,Dolyestown,PA
8529,Export,PA
8530,Shingle Springs,CA
8531,Monongahela,PA
8532,Avondale,PA
8533,Bradenton,FL
8534,Wickliffe,OH
8535,West Chicago,IL
8536,Van Horn,TX
8537,Canyon,TX
8538,Exeter,CA
8539,Okanogan,WA
8540,Wautoma,WI
8541,Cherryhill,NJ
8542,Willow Grove,PA
8543,Destin,FL
8544,Campton,KY
8545,Taft,TX
8546,Jeannette,PA
8547,Laguna Beach,CA
8548,Gallatin Gateway,MT
8549,Dedham,MA
8550,Waite Park,MN
8551,White,GA
8552,Parkland,FL
8553,Duquesne,PA
8554,Abington,PA
8555,Seatac,WA
8556,Ponca City,OK
8557,Whitefish Bay,WI
8558,Orrville,OH
8559,Rancho Palos Verdes,CA
8560,Winslow,AZ
8561,Hatfield,PA
8562,Coeur D’Alene,ID
8563,San Lorenzo,CA
8564,Morris,IL
8565,Holtsville,NY
8566,North Quincy,MA
8567,Amelia,OH
8568,Truckee,CA
8569,East Liberty,OH
8570,Fort Greene,NY
8571,St Thomas,VI
8572,Ghent,KY
8573,Grants Pass,OR
8574,Endicott,NY
8575,Crestview Hills,KY
8576,Van Buren Twp.,MI
8577,Tonasket,WA
8578,Kamuela,HI
8579,Deer Park,TX
8580,Lakeway,TX
8581,Ocean View,NJ
8582,Scarsdale,NY
8583,Hewlett,NY
8584,Kodiak,AK
8585,East St. Louis,IL
8586,Edmond,OK
8587,Alrington,VA
8588,Alexander City,AL
8589,Fleetwood,PA
8590,Emmaus,PA
8591,Flint,MI
8592,Stone Mountain,GA
8593,Valdosta,GA
8594,Freeport,NY
8595,Bellflower,CA
8596,Devils Lake,ND
8597,Humboldt,TN
8598,Glencoe,IL
8599,Rutherfordton,NC
8600,Oak Hill,VA
8601,8873,NJ
8602,Ennis,TX
8603,Hinesville,GA
8604,Coatesville,PA
8605,Maple Shade,NJ
8606,El Dorado,KS
8607,North Chesterfield,VA
8608,Roebuck,SC
8609,Moss Landing,CA
8610,Staatsburg,NY
8611,Los Angles,CA
8612,Berlin,NH
8613,Marriottsville,MD
8614,Laurens,SC
8615,Irondale,AL
8616,E Brunswick,NJ
8617,East Hampton,NY
8618,Nogales,AZ
8619,Jackson Heights,NY
8620,Saint Johns,FL
8621,River Edge,NJ
8622,Metarie,LA
8623,Winfield,KS
8624,Champlin,MN
8625,"Hoffman Estates,",IL
8626,Galax,VA
8627,Forest City,NC
8628,"West Chester,",PA
8629,West Conshohocken,PA
8630,Wilmintong,DE
8631,St. Marys,PA
8632,West Burlington,IA
8633,Glen Head,NY
8634,New Roads,LA
8635,Needles,CA
8636,Orange Park,FL
8637,Hazelton,PA
8638,Portage,IN
8639,The Dalles,OR
8640,Litchfield,MI
8641,Ripon,CA
8642,Wilberforce,OH
8643,Post,TX
8644,Victor,NY
8645,Kearneysville,WV
8646,Melrose,MA
8647,Jurupa Valley,CA
8648,Welasco,TX
8649,Sanibel,FL
8650,Kearney,NE
8651,Sharon,PA
8652,Elma,NY
8653,Hutchinson,KS
8654,Rupert,ID
8655,Essington,PA
8656,Ridgeway,SC
8657,Centralia,WA
8658,Paso Robles,CA
8659,Helena,AR
8660,Bessemer,AL
8661,Altadena,CA
8662,Perrysbug,OH
8663,Willimantic,CT
8664,West Nyack,NY
8665,Friendswood,TX
8666,Rindge,NH
8667,West Jefferson,OH
8668,Ketchikan,AK
8669,Atlantic,IA
8670,Woodland Hill,CA
8671,Avon Lake,OH
8672,Phillipsburg,NJ
8673,Fresh Meadows,NY
8674,Koxville,TN
8675,Ordot,GU
8676,Janesville,WI
8677,Campbell Hall,NY
8678,Grangeville,ID
8679,Hotevilla,AZ
8680,Ballston Spa,NY
8681,Winterset,IA
8682,Sedona,AZ
8683,Monterrey,CA
8684,Green Cove Springs,FL
8685,Cando,ND
8686,Vernonhills,IL
8687,Quakertown,PA
8688,Parllin,NJ
8689,Schwenksville,PA
8690,Saint Benedict,LA
8691,Scott Depot,WV
8692,Philadlephia,PA
8693,Marathon,NY
8694,Wausau,WI
8695,Alpine,TX
8696,Western Springs,IL
8697,Little Falls,NJ
8698,Suite 200,NH
8699,Islandia,NY
8700,Hamel,MN
8701,Swarthmore,PA
8702,South Beloit,IL
8703,Deming,NM
8704,South Pittsburg,TN
8705,Estherville,IA
8706,Red Wing,MN
8707,Surprise,AZ
8708,Saint Peter,MN
8709,Los Altos Hills,CA
8710,Newburyport,MA
8711,East Brunswick Rd,NJ
8712,"Wayne,",PA
8713,Chino Valley,AZ
8714,Brashear,TX
8715,St Petersburgh,FL
8716,Mahopac,NY
8717,Picataway,NJ
8718,North Attleboro,MA
8719,Key Largo,FL
8720,Bonifay,FL
8721,Buena,NJ
8722,Clint,TX
8723,Oakdale,MN
8724,North Hills,CA
8725,Pearl,MS
8726,Keasbey,NJ
8727,Homerville,GA
8728,Missouri Valley,IA
8729,Marianna,FL
8730,Bloomingdale,IL
8731,Kirtland,OH
8732,Iuka,MS
8733,Nevada City,CA
8734,Los  Angeles,CA
8735,Tehachapi,CA
8736,Dateland,AZ
8737,Scheller,IL
8738,Tarpon Springs,FL
8739,Bellaire,TX
8740,Mcmurray,PA
8741,Peekskill,NY
8742,Montevideo,MN
8743,Rock Tavern,NY
8744,Escondido,CA
8745,Kutztown,PA
8746,Millville,UT
8747,Castle Rock,CO
8748,Villa Rica,GA
8749,Farmington Hill,MI
8750,Sheboygan,WI
8751,Redbay,AL
8752,Dunn,NC
8753,Fort Kent,ME
8754,Emigsville,PA
8755,Portola Valley,CA
8756,Kensington,CA
8757,Cimarron,KS
8758,Carle Place,NY
8759,Royal City,WA
8760,Saint Charles,MO
8761,Sand Springs,OK
8762,Mayfield Heights,OH
8763,Central Lslip,NY
8764,Dorchester,MA
8765,East Troy,WI
8766,94304,CA
8767,Eau Claire,WI
8768,Bernalillo,NM
8769,Eagle,ID
8770,Windermere,FL
8771,Hyannis,MA
8772,Miami Beaach,FL
8773,Leland,MS
8774,El Doraldo Hills,CA
8775,St. Croix Falls,WI
8776,Prosper,TX
8777,Belleview,FL
8778,Dennison,OH
8779,Donalsonville,GA
8780,North Miami Beach,FL
8781,Deer Lodge,MT
8782,Elizabeth,NJ
8783,Ridgway,OH
8784,St. Michaels,MD
8785,Newbury Park,CA
8786,Ardsley,NY
8787,Stony Creek,VA
8788,Santaclara,CA
8789,Flowery Branch,GA
8790,Saint Petersburg,FL
8791,Bourbonnais,IL
8792,Agawam,MA
8793,El Campo,TX
8794,Mandeville,LA
8795,Maricopa,AZ
8796,Washignton,DC
8797,Cuba,NM
8798,Nederland,TX
8799,Blythewood,SC
8800,South Yarmouth,MA
8801,Chicogo,IL
8802,Council Grove,KS
8803,Saiapn,MP
8804,Sprinfield,IL
8805,River Forest,IL
8806,Londonderry,NH
8807,Niskayuna,NY
8808,Kingshill,VI
8809,Pottstown,PA
8810,Hesston,KS
8811,Patton,CA
8812,Employer_City,EMPLOYER_STATE
8813,Ninnekah,OK
8814,Glouscesterr City,NJ
8815,St. Louise,MO
8816,N Chesterfield,VA
8817,"Purchase, Ny  10577",NY
8818,Clive,IA
8819,Clearmont,WY
8820,Arvada,CO
8821,Wild Rose,WI
8822,Fairburn,GA
8823,"Washington, D.C.",DC
8824,Forte Meade,FL
8825,Centerbrook,CT
8826,Holtville,CA
8827,Tomball,TX
8828,Mediacom Park,NY
8829,Trujillo Alto,PR
8830,Mokena,IL
8831,Alvin,TX
8832,Richmond Hill,NY
8833,Montgomeryville,PA
8834,Petersburg,VA
8835,Cornelius,NC
8836,San Angelo,TX
8837,Copley,OH
8838,Vance,AL
8839,Wapakoneta,OH
8840,Taos,NM
8841,Kennedy Space Center,FL
8842,Charlton,MA
8843,Oviedo,FL
8844,Pennsauken,NJ
8845,Delanco,NJ
8846,West Lindon,UT
8847,Kershaw,SC
8848,Ukiah,CA
8849,Burnsville,MN
8850,Alton,VA
8851,West Memphis,AR
8852,Wabash,IN
8853,Herdon,VA
8854,Placentia,CA
8855,"Schaumburg,",IL
8856,Wentzville,MO
8857,Pittston,PA
8858,Punta Gorda,FL
8859,Tappan,NY
8860,Round Mountain,CA
8861,Brewster,NY
8862,Woodburn,OR
8863,Rockhill,SC
8864,Birch Run,MI
8865,West Addison,TX
8866,Dell City,TX
8867,Saxonburg,PA
8868,Methuen,MA
8869,Crofton,MD
8870,Uniontown,PA
8871,St Helena,CA
8872,Jersey Village,TX
8873,Santee,CA
8874,Cameron,MO
8875,Gretna,NE
8876,Baca Raton,FL
8877,West Union,WV
8878,Petoskey,MI
8879,Wellsville,NY
8880,Fishersville,VA
8881,Woodlyn,PA
8882,Hixson,TN
8883,Estacada,OR
8884,"North Andover,",MA
8885,Liberal,KS
8886,Boron,CA
8887,Mount Clemens,MI
8888,Lake In The Hills,IL
8889,Goodyear,AZ
8890,Royersford,PA
8891,Berenda,CA
8892,Levelland,TX
8893,Rocky River,OH
8894,Roslyn Heights,NY
8895,Rockville Centre,NY
8896,Silverdale,WA
8897,Levittown,PA
8898,Leominster,MA
8899,Sauget,IL
8900,Charles City,IA
8901,Ponte Vedra Beach,FL
8902,Enola,PA
8903,Penfield,NY
8904,La Plata,MD
8905,Monmouth Jct,NJ
8906,Larkspur,CA
8907,Hillside,IL
8908,Old Hickory,TN
8909,Poplar Bluff,MO
8910,"Princeton,",NJ
8911,Midlothian,VA
8912,Newnan,GA
8913,East Falmouth,MA
8914,Yorkville,WI
8915,Saignaw,MI
8916,Front Royal,VA
8917,Myrtle Beach,SC
8918,St. Augustine,FL
8919,Pacifica,CA
8920,Lakeview,OR
8921,Boardman,OR
8922,Riceboro,GA
8923,Cresson,TX
8924,Hanford,CA
8925,Toms River,NJ
8926,Indialantic,FL
8927,Opalocka,FL
8928,Homosassa,FL
8929,Wilder,KY
8930,Tinley Park,IL
8931,Auxvasse,MO
8932,Antigo,WI
8933,Seal Beach,CA
8934,Onalaska,WI
8935,Carterville,IL
8936,Patten,ME
8937,Corcoran,MN
8938,West Babylon,NY
8939,Eastvale,CA
8940,Grain Valley,MO
8941,Dickson City,PA
8942,Key West,FL
8943,San Franciso,CA
8944,Stevensville,MI
8945,Yarmouth,ME
8946,Rhinebeck,NY
8947,Oldbridge,NJ
8948,Cutchogue,NY
8949,South Hackensack,NJ
8950,Fort Oglethorpe,GA
8951,Caribou,ME
8952,Mount Ayr,IA
8953,Woborn,MA
8954,South Riding,VA
8955,Blackwood,NJ
8956,Delafield,WI
8957,Santa Maria,CA
8958,Zachary,LA
8959,Tahlequah,OK
8960,Ferrum,VA
8961,Poulsbo,WA
8962,Garrison,ND
8963,Ambler,PA
8964,Hamburg,NY
8965,Fair Lawn,NJ
8966,Hastings On Hudson,NY
8967,South Frederick,MD
8968,Colton,CA
8969,Mission,KS
8970,Beaver Falls,PA
8971,Hebron,NE
8972,North  Brunswick,NJ
8973,Succasunna,NJ
8974,Roaring Gap,NC
8975,Bridge City,TX
8976,Gallup,NM
8977,Brookshire,TX
8978,Gallatin,TN
8979,Wadsworth,IL
8980,Snyder,TX
8981,Lathrop,CA
8982,Ithica,NY
8983,Newcastle,WA
8984,Scottdale,GA
8985,Carlinville,IL
8986,Ellington,CT
8987,Surfside,FL
8988,Willcox,AZ
8989,Comstock Park,MI
8990,Tarzana,CA
8991,Tyrone,GA
8992,Mercerville,NJ
8993,Blue Island,IL
8994,New Bruswick,NJ
8995,Yankton,SD
8996,Bayamn,PR
8997,Ny,NY
8998,Bainbridge,OH
8999,Carmichaels,PA
9000,Rockland,MA
9001,Cochranville,PA
9002,Lawrence Twp,NJ
9003,Lehigh Acres,FL
9004,Bridgman,MI
9005,San Fernando,CA
9006,Battle Mountain,NV
9007,Warr Acres,OK
9008,University City,MO
9009,Mayodan,NC
9010,N Kansas City,MO
9011,Randallstown,MD
9012,Elk Grove,CA
9013,East Norriton,PA
9014,Indian Land,SC
9015,"Flower Mound,",TX
9016,Clay Center,KS
9017,Lee,NH
9018,Stevenson Ranch,CA
9019,Apopka,FL
9020,Hayti,MO
9021,Cedarpark,TX
9022,Broad Channel,NY
9023,Belfast,ME
9024,Hereford,TX
9025,Suite 600,MI
9026,North Chelmsford,ME
9027,Wall Township,NJ
9028,Valley View,OH
9029,Bayamón,PR
9030,Southplainfield,NJ
9031,Enterprise,AL
9032,Gilroy,CA
9033,Brownfield,TX
9034,Ladson,SC
9035,New London,CT
9036,Mount Holly,NC
9037,Bell,CA
9038,South River,NJ
9039,Havre De Grace,MD
9040,Thousand  Oaks,CA
9041,Mountain Home,ID
9042,Statesville,NC
9043,Presque Isle,ME
9044,Green Valley,AZ
9045,Fountain Hills,AZ
9046,New Boston,NH
9047,Webberville,MI
9048,Mayaguez,PR
9049,Dix Hills,NY
9050,Loganville,GA
9051,Burke,VA
9052,Olivehurst,CA
9053,Farmington Hiils,MI
9054,Hamtramck,MI
9055,Blairsville`,GA
9056,Moses Lake,WA
9057,Port Jefferson Station,NY
9058,Plummer,ID
9059,"Bethesda,",MD
9060,Perrysburg,OH
9061,Safety Harbor,FL
9062,Montgomery Township,NJ
9063,St Joseph,MO
9064,Des  Plaines,IL
9065,"Newfoundland,",PA
9066,Eureka,CA
9067,Alamo,CA
9068,North Arlington,NJ
9069,Colorado,TX
9070,S Yarmouth,MA
9071,Forest Grove,OR
9072,Playa Del Rey,CA
9073,Herndersonville,NC
9074,Ventura,CA
9075,Scottsboro,AL
9076,Lake Como,NJ
9077,Ball Ground,GA
9078,Mempis,TN
9079,Oberlin,OH
9080,Torrence,CA
9081,Belle Chasse,LA
9082,Sewell,NJ
9083,El Sobrante,CA
9084,South Glastonbury,CT
9085,Paulsboro,NJ
9086,Townson,MD
9087,Lutz,FL
9088,Russellville,AR
9089,Raeford,NC
9090,Glennville,GA
9091,Lynbrook,NY
9092,Tamarac,FL
9093,Lyons,NE
9094,Sierra Vista,AZ
9095,Studio City,CA
9096,N. Palm Beach,FL
9097,Chantill,VA
9098,Algonac,MI
9099,Linwood,PA
9100,"Princeton Jct,",NJ
9101,Natrona Heights,PA
9102,Sag Harbor,NY
9103,Mobridge,SD
9104,Berthoud,CO
9105,Cranberry Twp,PA
9106,Wrentham,MA
9107,Mena,AR
9108,Cloverdale,IN
9109,Lake Panasoffke,FL
9110,Fort Wort,TX
9111,Snowhill,NC
9112,90028,CA
9113,Blairstown,NJ
9114,West Orange,NJ
9115,Guttenberg,IA
9116,Mcafee,NJ
9117,Andrews,TX
9118,Lake Worth Beach,FL
9119,Pinellas Park,FL
9120,Puyallup,WA
9121,Rushville,IN
9122,Mendon,NY
9123,Pompton Plains,NJ
9124,Munster,IN
9125,Port Charlotte,FL
9126,Douglasville,GA
9127,Montebello,CA
9128,Newburgh,NY
9129,Holbrook,NY
9130,Selinsgrove,PA
9131,Banning,CA
9132,Grand Ledge,MI
9133,Converse,TX
9134,New Yrok,NY
9135,Universal City,CA
9136,Pataskala,OH
9137,Clovis,NM
9138,Bemidji,MN
9139,Orange Village,OH
9140,Mansfield Center,CT
9141,"Morrisville,",NC
9142,Houma,LA
9143,Richford,VT
9144,Keosauqua,IA
9145,Crozet,VA
9146,Grover,MO
9147,Alto,MI
9148,Bonney Lake,WA
9149,Shawnee,KS
9150,Redwood Shores,CA
9151,Groveport,OH
9152,Worcerter,MA
9153,Palos Heights,IL
9154,Auburndale,MA
9155,Sutton,MA
9156,Manhatten,NY
9157,Island Park,NY
9158,Centerville 37033-3823,TN
9159,Sugar Hill,GA
9160,Big Rock,TN
9161,Oscoda,MI
9162,Martinez,CA
9163,Lincolnton,NC
9164,Pelham Manor,NY
9165,Rock Point,AZ
9166,North Richland Hills,TX
9167,Newyork,NY
9168,Borger,TX
9169,Farmer'S Branch,TX
9170,Cumberland,MD
9171,Northglenn,CO
9172,Stroudsburg,PA
9173,Richburg,SC
9174,San Rmaon,CA
9175,Fairfax Station,VA
9176,Enfield,CT
9177,Nipomo,CA
9178,Pelham,NH
9179,Monona,WI
9180,Center,TX
9181,60606,IL
9182,Walton,MI
9183,Ft. Myers,FL
9184,Rancho Mirage,CA
9185,Washington D.C,DC
9186,North Tonawanda,NY
9187,Anoka,MN
9188,Maple Valley,WA
9189,Versailles,OH
9190,Provincetown,MA
9191,Grayslake,IL
9192,Cross Lanes,WV
9193,Pleasant Hill,IA
9194,Prescott,AZ
9195,Cummming,GA
9196,Gardiner,NY
9197,Santa Moncia,CA
9198,New Bruinswick,NJ
9199,Rowland Heights,CA
9200,Research Triangle,NC
9201,Chesterfeld,MO
9202,Los Lunas,NM
9203,8540,NJ
9204,Berkley,MI
9205,District Of Columbia,DC
9206,Mills River,NC
9207,Chi,IL
9208,Commerce City,CO
9209,Virginia Gardens,FL
9210,Wolf Creek,MT
9211,Highland Mills,NY
9212,Tifton,GA
9213,Woodlands Hills,CA
9214,Evergreen,CO
9215,Laurel Springs,NJ
9216,St. Leo,FL
9217,Palm Bay,FL
9218,Larchmont,NY
9219,South Salt Lake City,UT
9220,Arlingont,VA
9221,Dunlap,IL
9222,Lindsay,CA
9223,Collin,TX
9224,Belcourt,ND
9225,Loves Park,IL
9226,Eden,UT
9227,Falconer,NY
9228,North Providence,RI
9229,Denver City,TX
9230,Shaker Hts.,OH
9231,Lenexas,KS
9232,Stanton,CA
9233,New York`,NY
9234,Edgewater,NJ
9235,Stockbridge,MI
9236,Coleman,TX
9237,Salisbury Cove,ME
9238,Statesboro,GA
9239,Southgate,CA
9240,Nacogdoches,TX
9241,Middleburg,VA
9242,Fife,WA
9243,Ste. 800,WA
9244,Chestnut Ridge,NY
9245,Massapequa,NY
9246,North Platte,NE
9247,Clay,NY
9248,Moffett Field,CA
9249,Ganado,AZ
9250,Bellefontaine,OH
9251,Kennewick,WA
9252,Spearman,TX
9253,East Meadow,NY
9254,N Bethesda,MD
9255,Athol,MA
9256,Pahrump,NV
9257,Newburg,MO
9258,West Sanborn,NY
9259,Paincourtville,LA
9260,Asbury Park,NJ
9261,Seguin,TX
9262,Sumner,WA
9263,Yaphank,NY
9264,Milbrae,CA
9265,Delhi,NY
9266,New Yok,NY
9267,Jefferson Hills,PA
9268,St. Albans,VT
9269,Grass Lake,MI
9270,Slidell,LA
9271,Dexter,MI
9272,Nelsonville,OH
9273,Pittsburg,KS
9274,Zanesville,OH
9275,Freehold,NJ
9276,Howard Lake,MN
9277,Knightdale,NC
9278,Cedar Grove,NJ
9279,Kenosha,WI
9280,Ware,MA
9281,Orlando+,FL
9282,South Weymouth,MA
9283,Pheonix,AZ
9284,Warrington,PA
9285,Ephrata,PA
9286,Harvest,AL
9287,Willmar,MN
9288,Graepvine,TX
9289,Palm City,FL
9290,Ilwaco,WA
9291,Green Island,NY
9292,Omak,WA
9293,Clanton,AL
9294,Charleroi,PA
9295,New Franklin,OH
9296,New Milford,CT
9297,Oquawka,IL
9298,Dade City,FL
9299,Vacaville,CA
9300,Fruita,CO
9301,North Salt Lake,UT
9302,Getzville,NY
9303,Pana,IL
9304,Kokomo,IN
9305,Clarion,PA
9306,Frostburg,MD
9307,Hawarden,IA
9308,Phoeni,AZ
9309,Dartmouth,MA
9310,Plesanton,CA
9311,Rowlett,TX
9312,Burien,WA
9313,West Harrison,NY
9314,Mattawan,MI
9315,Fort Scott,KS
9316,Norristown,PA
9317,Louisburg,KS
9318,Browntown,WI
9319,Signal Hill,CA
9320,Southport,CT
9321,Aston,PA
9322,Raymond,OH
9323,Altanta,GA
9324,Okmulgee,OK
9325,Malborough,MA
9326,Brandon,FL
9327,Marlin,TX
9328,Sherman,TX
9329,Angwin,CA
9330,Martin,TN
9331,Morenci,AZ
9332,Winsted,MN
9333,Dundalk,MD
9334,Siler City,NC
9335,"St. Louis, Mo",MO
9336,Nasville,TN
9337,Abingdon,MD
9338,Shiprock,NM
9339,Lutherville-Timonium,MD
9340,Clinton Twp,MI
9341,Sioux Center,IA
9342,Claremore,OK
9343,Tanner,AL
9344,Kenmore,WA
9345,Winston,NC
9346,Shrub Oak,NY
9347,Alachua,FL
9348,Ringgold,VA
9349,Noxon,MT
9350,Milan,TN
9351,Bolinas,CA
9352,Texas,TX
9353,Chicago Il,IL
9354,Niagara Falls,NY
9355,Dinuba,CA
9356,Gray,ME
9357,Big Sky,MT
9358,La Canada,CA
9359,Frenchtown,NJ
9360,Prairie View,TX
9361,75039,TX
9362,Longmont,CO
9363,Muskegon,MI
9364,Dixon,IL
9365,Mills,WY
9366,Bellemead,TX
9367,Hinsdale,IL
9368,Los Alitos Hills,CA
9369,Jeffersonville,IN
9370,San Martin,CA
9371,Stilwell,KS
9372,Gulfport,MS
9373,Fogelsville,PA
9374,Sandersville,GA
9375,Mars Hill,NC
9376,New Town,ND
9377,Prior Lake,MN
9378,Morehead,KY
9379,Jerome,ID
9380,Brookyn,NY
9381,Onamia,MN
9382,Newton Square,PA
9383,Rutlant,VT
9384,Heathrow,FL
9385,Shoreline,WA
9386,Monee,IL
9387,Mercedes,TX
9388,Phildelphia,PA
9389,Melbourne Beach,FL
9390,Somerworth,NH
9391,Yuba City,CA
9392,North Liberty,IA
9393,Moultrie,GA
9394,Rice Lake,WI
9395,Ashton,MD
9396,Sanborn,NY
9397,Bellmead,TX
9398,Taylorsville,MS
9399,Southold,NY
9400,Vandalia,OH
9401,Grandview,MO
9402,Pulaski,TN
9403,North Branch,NJ
9404,Spring Arbor,MI
9405,Langston,OK
9406,Toone,TN
9407,Coshocton,OH
9408,Circle Pines,MN
9409,Land O'Lakes,FL
9410,Gibsonton,FL
9411,Hollis,NH
9412,Dorado,PR
9413,Point Lookout,MO
9414,New Ulm,MN
9415,South Salt Lake,UT
9416,Goodman,MS
9417,Lunenburg,MA
9418,Eatonville,WA
9419,Atlantic Beach,FL
9420,Whiteriver,AZ
9421,Butte,MT
9422,Mt. Vernon,IL
9423,Skaneateles,NY
9424,Griffin,GA
9425,Passaic,NJ
9426,Valley Village,CA
9427,11271 Richmond Avenue,TX
9428,Caledonia,MI
9429,White Sulphur Springs,WV
9430,Twinsburg,OH
9431,Sussex,WI
9432,North Mankato,MN
9433,Grambling,LA
9434,East Palo Alto,CA
9435,Fond Du Lac,WI
9436,Emory,VA
9437,Oakville,CA
9438,New Canaan,CT
9439,Bassett,NE
9440,Shawnee Mission,KS
9441,Buckeye,AZ
9442,Bayamon,PR
9443,North Lima,OH
9444,Elwyn,PA
9445,East Elmhurst,NY
9446,Thompson,PA
9447,Gibbstown,NJ
9448,Brunswick,GA
9449,Elizabeth City,NC
9450,Lake Jackson,TX
9451,Castro Valley,CA
9452,Joliet,IL
9453,Speedway,IN
9454,Albertson,NY
9455,Mt Juliet,TN
9456,Columbia City,IN
9457,Barberton,OH
9458,North Randall,OH
9459,Eustis,FL
9460,Satsuma,AL
9461,Mccalla,AL
9462,Ely,NV
9463,Grenloch,NJ
9464,New Holland,PA
9465,Fort Peirce,FL
9466,Posen,IL
9467,Mingo Junction,OH
9468,Lewisberry,PA
9469,Stonecrest,GA
9470,Monmouth Juntion,NJ
9471,O'Neill,NE
9472,Swedesboro,NJ
9473,Lake Station,IN
9474,North Highlands,CA
9475,Lake Elsinore,CA
9476,Narragansett,RI
9477,Cobleskill,NY
9478,Connersville,IN
9479,Green Farms,CT
9480,Willows,CA
9481,Opa Locka,FL
9482,Lakeport,CA
9483,Hilmar,CA
9484,Kentwood,MI
9485,Roslyn Hts,NY
9486,Del Mar,CA
9487,Carolina,PR
9488,Sagaponack,NY
9489,Garrett Park,MD
9490,Detroi,MI
9491,Prince Frederick,MD
9492,New Philadelphia,OH
9493,Swansea,IL
9494,Calumet City,IL
9495,Pedricktown,NJ
9496,Little Neck,NY
9497,Horace,ND
9498,Faribault,MN
9499,Princess Anne,MD
9500,East Point,GA
9501,Lowville,NY
9502,Brooksville,FL
9503,Shelter Island Heights,NY
9504,Pike Road,AL
9505,Lag Vegas,NV
9506,River Vale,NJ
9507,Ocean City,NJ
9508,Wauchula,FL
9509,Mebane,NC
9510,Glen Ellen,CA
9511,Salamanca,NY
9512,Denison,IA
9513,Lake City,FL
9514,Convent,LA
9515,Perry,OK
9516,Lockney,TX
9517,Palo Atlo,CA
9518,Wheat Ridge,CO
9519,Standston,VA
9520,La Mesa,CA
9521,St. Michael,MN
9522,Richmond Heights,OH
9523,Creve Couer,MO
9524,Maiden,NC
9525,Southampton,PA
9526,West Carrollton,OH
9527,Sikeston,MO
9528,Assumption,IL
9529,Bethune,SC
9530,National Harbor,MD
9531,Port Orange,FL
9532,Wenatchee,WA
9533,South Prince George,VA
9534,Town & Country,MO
9535,Willits,CA
9536,Cocoa,FL
9537,Seneca,KS
9538,Kanab,UT
9539,Delair,NJ
9540,Allenton,PA
9541,Eastpointe,MI
9542,North Easton,MA
9543,North Logan,UT
9544,Beeville,TX
9545,Montclaire,NJ
9546,Asheboro,NC
9547,Vicksburg,MS
9548,Black River Falls,WI
9549,Butler,PA
9550,Nebraska City,NE
9551,New Market,MD
9552,Big Timber,MT
9553,Chapin,SC
9554,Parma,OH
9555,Moncks Corner,SC
9556,Baytown,TX
9557,Landenberg,PA
9558,Oakwood Village,OH
9559,Luling,LA
9560,Dracut,MA
9561,Callahan,FL
9562,Bainbridge Island,WA
9563,Bates City,MO
9564,Fairview,TX
9565,Roselle,NJ
9566,Aiken,SC
9567,Sherwood,OR
9568,Webster Groves,MO
9569,Tigard,OR
9570,Sycamore,IL
9571,Femont,CA
9572,Wyandotte,MI
9573,Normandy Park,WA
9574,Pismo Beach,CA
9575,Skowhegan,ME
9576,Sunset Hills,MO
9577,Winter Haven,FL
9578,Copperopolis,CA
9579,West Dundee,IL
9580,Nebraska,NE
9581,Malverne,NY
9582,Donna,TX
9583,Ajo,AZ
9584,Merriam,KS
9585,Poland,OH
9586,Grosse Pointe Woods,MI
9587,Sinajana,GU
9588,Sun City,AZ
9589,Ann Arbort,MI
9590,Cummimg,GA
9591,1213,
9592,Mt. Airy,NC
9593,Smithville,TN
9594,Brooklandville,MD
9595,Shippensburg,PA
9596,Sun Valley,CA
9597,Thonotosassa,FL
9598,Alphareta,GA
9599,Grand Coteau,LA
9600,Calmar,IA
9601,Lawrence Township,NJ
9602,Waipahu,HI
9603,Clinton Corners,NY
9604,Nyack,NY
9605,Mandan,ND
9606,Lisbon,ND
9607,Kirskville,MO
9608,Plainville,MA
9609,Glen Dale,MD
9610,St. Johnsbury,VT
9611,Deptford,NJ
9612,Sturtevant,WI
9613,Maynard,MA
9614,Chestertown,MD
9615,Dickson,TN
9616,Weirton,WV
9617,Newbury,OH
9618,Rancho Palo Verdes,CA
9619,Attica,IN
9620,Lake Worth,FL
9621,Mount Juliet,TN
9622,Ooltewah,TN
9623,Conway Springs,KS
9624,Mill Creek,WA
9625,Pikeville,KY
9626,Park Rapids,MN
9627,Derby,CT
9628,Sugar Grove,IL
9629,Scott,LA
9630,Chesterland,OH
9631,Roseburg,OR
9632,Gardnerville,NV
9633,Colwich,KS
9634,Jefferson,NC
9635,New   York,NY
9636,Inlet Beach,FL
9637,Medicine Lodge,KS
9638,Revere,MA
9639,Childress,TX
9640,Abbeville,SC
9641,Hayfork,CA
9642,Stephens City,VA
9643,North Venice,FL
9644,Purcellville,VA
9645,Monmouth,IL
9646,Pleasantville,NY
9647,White Lake Charter Township,MI
9648,Roseau,MN
9649,Aptos,CA
9650,South Amboy,NJ
9651,Refugio,TX
9652,"Bridgewater,",NJ
9653,Ainsworth,NE
9654,Hodges,SC
9655,Shoreview,MN
9656,Simsbury,CT
9657,Paul Smiths,NY
9658,Imlay City,MI
9659,Weaverville,NC
9660,White Bear Lake,MN
9661,South Kearny,NJ
9662,Granada Hills,CA
9663,Test1,
9664,Fort Morgan,CO
9665,Tupman,CA
9666,Gunnison,CO
9667,Sunny Isles,FL
9668,Royal Oaks,CA
9669,Countryside,IL
9670,Chaddsford,PA
9671,Winooski,VT
9672,Salt Lake,UT
9673,Cressona,PA
9674,Highland,NY
9675,Rigby,ID
9676,Suite: 1504 Alpharetta,GA
9677,Benkelman,NE
9678,Geneseo,NY
9679,Davison,MI
9680,Merryville,LA
9681,Guthrie Center,IA
9682,Takoma Park,MD
9683,Ridgeville,SC
9684,Adelanto,CA
9685,West Allist,WI
9686,Waukee,IA
9687,Victorville,CA
9688,Coroopolis,PA
9689,Granite City,IL
9690,Upper Saddle River,NJ
9691,El Cerrito,CA
9692,Harrogate,TN
9693,Fernandina Beach,FL
9694,Mounds View,MN
9695,Cornwallis,NC
9696,30Th Floor New York,NY
9697,Ferndale,MI
9698,Sylacauga,AL
9699,East Boothbay Harbor,ME
9700,Woodway,TX
9701,Mapel Grove,MN
9702,Perham,MN
9703,St George,UT
9704,Glenwood,IL
9705,Seabrook,NH
9706,Cincinati,OH
9707,Harlingen,TX
9708,Hilton Head Island,SC
9709,Inverness,FL
9710,Calpella,CA
9711,Osseo,MN
9712,Oakmont,PA
9713,Durango,CO
9714,Maurertown,VA
9715,Sealy,TX
9716,Wingdale,NY
9717,Wamego,KS
9718,Valley City,ND
9719,Wise River,MT
9720,Renville,MN
9721,Cape Coral,FL
9722,Cheraw,SC
9723,Lake Havasu City,AZ
9724,"Birmingham,",AL
9725,Falkville,AL
9726,Pennington,NJ
9727,Shippenville,PA
9728,Tekamah,NE
9729,Lusk,WY
9730,Glenville,WV
9731,Houlton,ME
9732,Myerstown,PA
9733,Sewanee,TN
9734,Kill Devil Hills,NC
9735,Colby,KS
9736,Woodlands,TX
9737,Solvay,NY
9738,Pasedena,TX
9739,Marlow,NH
9740,"Long Island City, Nyc",NY
9741,Caldwell,ID
9742,Kahului,HI
9743,Clifton Park,NY
9744,Indio,CA
9745,Penryn,CA
9746,Chiciago,IL
9747,Moab,UT
9748,Tuskegee Instiute,AL
9749,Lyman,SC
9750,Texas City,TX
9751,Parrish,FL
9752,Red Bay,AL
9753,Arthur,IL
9754,Sedalia,CO
9755,Lodi,NJ
9756,Upper Darby,PA
9757,Nanuet,NY
9758,Scooba,MS
9759,Rio Grande City,TX
9760,Inman,SC
9761,Sheboygan Falls,WI
9762,Dimmitt,TX
9763,Parsons,KS
9764,Blackville,SC
9765,"Mooresville,",NC
9766,East Haven,CT
9767,Yantis,TX
9768,Keuka Park,NY
9769,"Bakersfield, Ca 93311",CA
9770,Tonawanda,NY
9771,Ionia,MI
9772,Vineyard,UT
9773,Cullman,AL
9774,Algonquin,IL
9775,Latta,SC
9776,Pharr,TX
9777,Ludlow,MA
9778,Pekin,IL
9779,Yorktown,VA
9780,Ida Grove,IA
9781,Mondamin,IA
9782,Santa  Rosa,CA
9783,East Sandwich,MA
9784,Lumpkin,GA
9785,Lindon,UT
9786,"Farmington Hills,",MI
9787,Belfair,WA
9788,Glasgow,DE
9789,Kingfisher,OK
9790,Tinian,MP
9791,Crested Butte,CO
9792,St Charles,MO
9793,Palm Harbor,FL
9794,West Long Branch,NJ
9795,Harvard,MA
9796,Clarinda,IA
9797,Shelby,NC
9798,Gilmer,TX
9799,Hoffman  Estates,IL
9800,Riverhead,NY
9801,Santa Teresa,NM
9802,Slippery Rock,PA
9803,Columbia Cross Roads,PA
9804,"Santa Clara, Ca",CA
9805,Woodinvile,WA
9806,Mineral Point,WI
9807,Downington,PA
9808,St. Maries,ID
9809,Yauco,PR
9810,Venus,FL
9811,Cranberry,PA
9812,Carneys Point,NJ
9813,Cedar Bluff,VA
9814,Oakes,ND
9815,Dunedin,FL
9816,Rockingham,VA
9817,High Ridge,MO
9818,Omaho,NE
9819,Dunstable,MA
9820,Freemont,MI
9821,Lewistown,MT
9822,Luray,VA
9823,Coquille,OR
9824,Sulphur,LA
9825,Matthews,NC
9826,Schiller Park,IL
9827,La Puente,CA
9828,"San Ramon, Ca 94583-1323",CA
9829,East China,MI
9830,Daly,CA
9831,Nasheville,TN
9832,Roosevelt,UT
9833,Cynthiana,KY
9834,White Deer,TX
9835,Bayshore,NY
9836,"Phoenix,",AZ
9837,Haskell,TX
9838,Misson Viejo,CA
9839,Hazlehurst,MS
9840,Luquillo,PR
9841,Vadnais Heights,MN
9842,Palmer,AK
9843,Livingston Manor,NY
9844,Roslyn,NY
9845,Sand City,CA
9846,Mt. Prospect,IL
9847,Waldorf,MD
9848,Cambrigde,MA
9849,Rockledge,FL
9850,Millbrook,AL
9851,Clayton,NM
9852,Powder Springs,GA
9853,Ninety Six,SC
9854,Stevens Point,WI
9855,Pierce,NE
9856,Brownstown Township,MI
9857,Cashmere,WA
9858,Valley Springs,CA
9859,Airmont,NY
9860,Grovetown,GA
9861,Stevenson,MD
9862,Newon,MA
9863,Sellersburg,IN
9864,East Longmeadow,MA
9865,Lake Placid,NY
9866,Sturgeon Bay,WI
9867,Lucas,TX
9868,Lino Lakes,MN
9869,Beverton,OR
9870,Canoga Park,CA
9871,Barstow,CA
9872,Martinsburg,WV
9873,South Deerfield,MA
9874,Killington,VT
9875,Hancock,MI
9876,Tillamook,OR
9877,Logandale,NV
9878,Angola,IN
9879,Breaux Bridge,LA
9880,Fergus Falls,MN
9881,Pittsford,NY
9882,Horton,MI
9883,Carney'S Point,NJ
9884,Bluffton,SC
9885,Carlton,OR
9886,Bellmore,NY
9887,Ojai,CA
9888,Dodge Center,MN
9889,Wilcoe,WV
9890,Colquitt,GA
9891,Desoto,TX
9892,Overland,KS
9893,Glendora,CA
9894,Annarbor,MI
9895,"Ann Arbor,",MI
9896,Franklinville,NJ
9897,City Of Wimington,DE
9898,Granbury,TX
9899,Engewood,CO
9900,Bernardsville,NJ
9901,Devon,PA
9902,Mount Hermon,MA
9903,Ponce,PR
9904,South Lake Tahoe,CA
9905,Monument,CO
9906,Laveen,AZ
9907,Fredonia,NY
9908,Port Neches,TX
9909,Pico Rivera,CA
9910,East Stroudsburg,PA
9911,Mount Crested Butte,CO
9912,Coffeyville,KS
9913,Blountstown,FL
9914,Dawson,GA
9915,Jennings,LA
9916,Babson Park,MA
9917,Boston City,MA
9918,Cedarville,NJ
9919,Sault Ste. Marie,MI
9920,Texarkana,TX
9921,Deridder,LA
9922,Nappanee,IN
9923,Irvig,TX
9924,Elkton,MD
9925,Millstone,NJ
9926,Lake Sucess,NY
9927,Webb City,MO
9928,Haslet,TX
9929,Greenbrae,CA
9930,Van Buren Charter Township,MI
9931,Hammonton,NJ
9932,The Hills,TX
9933,Oyster Bay,NY
9934,Beacon,NY
9935,Beasley,TX
9936,Cedar Hill,TX
9937,Gardner,MA
9938,Mentor On The Lake,OH
9939,Scott Air Force Base,IL
9940,Oakley,CA
9941,Bergenfield,NJ
9942,South Royalton,VT
9943,Kahulai,HI
9944,Barbourville,KY
9945,Weslaco,TX
9946,Mcalester,OK
9947,Maplewood,NJ
9948,Balaton,MN
9949,Owings Mill,MD
9950,Coeur D' Alene,ID
9951,Churchville,MD
9952,Upper Nyack,NY
9953,Ste 200-C,DE
9954,Franklin Springs,GA
9955,Reisterstown,MD
9956,Kyle,TX
9957,Northport,AL
9958,Defiance,OH
9959,Cadillac,MI
9960,Brigham City,UT
9961,Duryea,PA
9962,East Boothbay,ME
9963,Burkeville,VA
9964,Milwuakee,WI
9965,Tusculum,TN
9966,Hodgkins,IL
9967,Fowler,CA
9968,New Jersey,NJ
9969,Mcliean,VA
9970,Robinson,IL
9971,Lock Haven,PA
9972,Cedar Springs,MI
9973,"Mountain View, Ca",CA
9974,Cabo Rojo,PR
9975,Mountain House,CA
9976,Wisconsin,WI
9977,Horseheads,NY
9978,Hollsopple,PA
9979,Boiling Springs,NC
9980,Bothel,WA
9981,Pearsall,TX
9982,Euclid,OH
9983,Dodge City,KS
9984,Parsippany-Troy Hills,NJ
9985,Westhampton Beach,NY
9986,Clemmons,NC
9987,Pipersville,PA
9988,Calipatria,CA
9989,Camuy,PR
9990,Yazoo City,MS
9991,Belzoni,MS
9992,Antlers,OK
9993,Grandville,MI
9994,Moriarty,NM
9995,Mc Lean,VA
9996,Parsippanyu,NJ
9997,Prescott Valley,AZ
9998,Wilbraham,MA
9999,Arkadelphia,AR
10000,Elyria,OH
10001,Caguas,PR
10002,Crown Point,IN
10003,Philip,SD
10004,Okeechobee,FL
10005,West Bloomfield Township,MI
10006,Naperville Il,IL
10007,Gravette,AR
10008,Shelburne,VT
10009,Fort Pierce,FL
10010,Monon,IN
10011,Ozone Park,NY
10012,Clarksdale,MS
10013,Maxton,NC
10014,Bryn Athyn,PA
10015,University Place,WA
10016,Lytle,TX
10017,Madisonville,KY
10018,Laurelton,NY
10019,Brainerd,MN
10020,Pear Land,TX
10021,Stanwood,WA
10022,Connelly Springs,NC
10023,Manorville,NY
10024,Lower Brule,SD
10025,St.Paul,MN
10026,Navesink,NJ
10027,La,CA
10028,Timnath,CO
10029,Sweetwater,TX
10030,Unionville,CT
10031,Parsipanny,NJ
10032,Kemp,TX
10033,Mira Loma,CA
10034,Roscoe,IL
10035,Baker,LA
10036,Waunakee,WI
10037,Bondurant,IA
10038,Strongsville,OH
10039,West Lake Hills,TX
10040,Cascade,ID
10041,Reynoldsbug,OH
10042,Wasco,CA
10043,Weirsdale,FL
10044,North Wale,PA
10045,Rosemount,MN
10046,Hasley,OR
10047,Lindale,TX
10048,Glenshaw,PA
10049,Harleysville,PA
10050,Jacksonville Beach,FL
10051,Julesburg,CO
10052,Trinity,AL
10053,Bourne,MA
10054,Mclean (Tysons Corner),VA
10055,Glenside,PA
10056,Castleton,NY
10057,Ord,NE
10058,Heber Springs,AR
10059,Omahah,NE
10060,Lincoln Park,MI
10061,Deal,NJ
10062,Tomah,WI
10063,Liberty Lane,WA
10064,Milligan College,TN
10065,Ripley,TN
10066,Navasota,TX
10067,Balboa Ave,CA
10068,Mt. Kisco,NY
10069,Chinle,AZ
10070,Budd Lake,NJ
10071,Preston,WA
10072,Middle Village,NY
10073,Mendota Heights,MN
10074,Centerline,MI
10075,Kew Gardens,NY
10076,Leesville,SC
10077,Hialeah Gardens,FL
10078,North Las Vegas,NV
10079,Shorter,AL
10080,St. Davids,PA
10081,Shorewood,WI
10082,Grosse Pointe,MI
10083,Stanfield,AZ
10084,Hesperia,CA
10085,Raynham,MA
10086,Hockley,TX
10087,North Sutton,NH
10088,Hermosa Beach,CA
10089,Little River,SC
10090,San Pedro,CA
10091,Willoughby Hills,OH
10092,Fayette,IA
10093,Dassel,MN
10094,Bossier City,LA
10095,Wildwood,MO
10096,"Westlake,",LA
10097,Zion,IL
10098,Spokane Valley,WA
10099,Heath,TX
10100,Derwood,MD
10101,Van Wert,OH
10102,Premont,TX
10103,Conover,NC
10104,Chalfont,PA
10105,Corsicana,TX
10106,Shafter,CA
10107,Tamuniing,GU
10108,Rolling Hills Estates,CA
10109,Benecia,CA
10110,Roy,UT
10111,North Brunswick Township,NJ
10112,Brooklyn Center,MN
10113,Meriden,CT
10114,Nisswa,MN
10115,Arkansas City,KS
10116,White Hall,PA
10117,Pomfret,CT
10118,Munford,AL
10119,S. El Monte,CA
10120,Romney,WV
10121,Tujunga,CA
10122,Junction City,KS
10123,Osage Beach,MO
10124,Millburn,NJ
10125,Rome City,IN
10126,Alamo Heights,TX
10127,Tumwater,WA
10128,Mattituck,NY
10129,New  York,NY
10130,Watkins,CO
10131,Collinsville,IL
10132,Edmonds,WA
10133,King Salmon,AK
10134,North Bellevue,NE
10135,New Windsor,MD
10136,Radford,VA
10137,Goshen,NY
10138,Lagrange Park,IL
10139,Perryton,TX
10140,Valley Cottage,NY
10141,North East,MD
10142,West Trenton,NJ
10143,Gilberts,IL
10144,Fallbrook,CA
10145,Whiting,IN
10146,Hondo,TX
10147,Santa Clare,CA
10148,Swampscott,MA
10149,Kennett Swuare,PA
10150,Mount Berry,GA
10151,Norcorss,GA
10152,Edinburgh,IN
10153,Owego,NY
10154,West Bridgewater,MA
10155,Piwaukee,WI
10156,Sabetha,KS
10157,Rio Rancho,NM
10158,Gas City,IN
10159,East Brunswik,NJ
10160,Chardon,OH
10161,"Jersey City, Nj",NJ
10162,Lynhurst,NJ
10163,Poplar Grove,IL
10164,Otsego,MN
10165,"Wailea, Maui",HI
10166,Lynden,WA
10167,Maize,KS
10168,Louisvillle,KY
10169,Bowdoin,ME
10170,Kernersville,NC
10171,Sebastopol,CA
10172,Seaford,DE
10173,Belleveu,WA
10174,Massillon,OH
10175,Pleasant,TX
10176,Edenton,NC
10177,Henniker,NH
10178,Coalinga,CA
10179,Walworth,WI
10180,Excelsior,MN
10181,Creedmoor,TX
10182,Norco,CA
10183,Greenvale,NY
10184,Lenoir,NC
10185,Sebastian,FL
10186,Faison,NC
10187,North Port,FL
10188,Lanett,AL
10189,Tierra Amarilla,NM
10190,Seville,OH
10191,Wappingers Falls,NY
10192,Randoph,MA
10193,Ravenswood,WV
10194,N. Richland Hills,TX
10195,Flat Rock,MI
10196,Huntington Park,CA
10197,Lake Bluff,IL
10198,Dacula,GA
10199,Los,CA
10200,Saint Marys,KS
10201,Port Angeles,WA
10202,Troutman,NC
10203,Wilmette,IL
10204,Middle Haddam,CT
10205,Pontotoc,MS
10206,Los Angeles E.4 State California E.,CA
10207,Health Springs,SC
10208,Kirkwood,MO
10209,Spicewood,TX
10210,Rickreall,OR
10211,Toa Alta,PR
10212,Thousand Oaks Ca,CA
10213,La Vista,NE
10214,University Heights,OH
10215,Southern Pines,NC
10216,Westminister,CO
10217,Jackson Beach,FL
10218,Pepperell,MA
10219,Howell Township,NJ
10220,Denvier,CO
10221,Bonner Springs,KS
10222,Mechanic Falls,ME
10223,Rowayton,CT
10224,New Caney,TX
10225,Byron,CA
10226,Cold Spring,KY
10227,South Hamptons,NY
10228,Pike,NH
10229,Sumter,SC
10230,Hawkinsville,GA
10231,W Conshohocken,PA
10232,Red Deer,
10233,West Coxsackie,NY
10234,Soutlake,TX
10235,Ewa Beach,HI
10236,Menomonee Fals,WI
10237,Piqua,OH
10238,Wallingford,CT
10239,Angora,MN
10240,Hudsonville,MI
10241,Makawao,HI
10242,Lloyd Harbor,NY
10243,"Rancho Dominguez,",CA
10244,Trevor,WI
10245,Alden,NY
10246,South Richmond Hill,NY
10247,Sudbury,MD
10248,Pinole,CA
10249,Geismar,LA
10250,Clio,MI
10251,Addision,TX
10252,Lithonia,GA
10253,Monmouth Beach,NJ
10254,Spring Grove,IL
10255,Philippi,WV
10256,Oneida,NY
10257,Oak Lawn,IL
10258,Centereach,NY
10259,Darrouzett,TX
10260,Oldsmar,FL
10261,Center Point,AL
10262,Tequesta,FL
10263,Johns Island,SC
10264,Harrison Township,MI
10265,Princeotn,NJ
10266,"2979 Allied St, Ste E, Green Bay Wi",WI
10267,Creighton,NE
10268,Browns Valley,MN
10269,Elkmont,AL
10270,Boulder City,NV
10271,San Anselmo,CA
10272,Oakland Park,FL
10273,Nofolk,VA
10274,Monsey,NY
10275,Bell Gardens,CA
10276,Gary,IN
10277,Merrick,NY
10278,Sandwich,MA
10279,Haworth,NJ
10280,Francisco,CA
10281,Chappaqua,NY
10282,Portolla Valley,CA
10283,Saugerties,NY
10284,Lillington,NC
10285,Mission Hills,CA
10286,Merritt Island,FL
10287,Hamilton Twp,NJ
10288,Amesbury,MA
10289,Brattleboro,VT
10290,Palatka,FL
10291,Merrill,WI
10292,Mine Hill,NJ
10293,Cripple Creek,CO
10294,Islip,NY
10295,Miami Shores,FL
10296,Carver,MN
10297,South Gate,CA
10298,Sea Ranch Lakes,FL
10299,Charlotte Nc,NC
10300,48375,MI
10301,Clyde,NY
10302,Streamwood,IL
10303,Wellsboro,PA
10304,Southwest Ranches,FL
10305,City Industry,CA
10306,Ave Maria,MI
10307,Scottsburg,IN
10308,Pomfret Center,CT
10309,East Northport,NY
10310,Iliamna,AK
10311,Franklin Square,NY
10312,Cordele,GA
10313,Indiantown,FL
10314,West Melbourne,FL
10315,Bellerose,NY
10316,Hallettsville,TX
10317,S Richmond Hill,NY
10318,Clinton Twp.,MI
10319,Holdrege,NE
10320,Spring Park,MN
10321,Crane City,TX
10322,Shenandoah,TX
10323,Clearfield,UT
10324,Oconto Falls,WI
10325,Searcy,AR
10326,Lincoln University,PA
10327,Flanders,NJ
10328,Bee Cave,TX
10329,Wayland,MA
10330,Norton,MA
10331,Wi,WI
10332,Eagle River,WI
10333,Lake Providence,LA
10334,Bradford,PA
10335,Warroad,MN
10336,Goffstown,NH
10337,Rockport,ME
10338,Pryor,OK
10339,Sliver Spring,MD
10340,Flora,IL
10341,West New York,NJ
10342,Nesconset,NY
10343,Old Orchard Beach,ME
10344,Corete Madera,CA
10345,Cuddy,PA
10346,Bratenahl,OH
10347,"Dallas,",TX
10348,Colorado Spgs,CO
10349,Crestwood,IL
10350,Perkasie,PA
10351,Etna,CA
10352,Dover-Foxcroft,ME
10353,Wilkes Barre,PA
10354,Wilsall,MT
10355,Ocean Township,NJ
10356,Clearlake,CA
10357,Ottumwa,IA
10358,El Cahon,CA
10359,Lockport,NY
10360,Glen Falls,NY
10361,Schuyler,NE
10362,Wyndham,OH
10363,Waggaman,LA
10364,Monaca,PA
10365,Anaheim Hills,CA
10366,Bridgehampton,NY
10367,Bloomfield Twp,MI
10368,Millbrae,CA
10369,Baxley,GA
10370,Garnet Valley,PA
10371,Inwood,NY
10372,Louisa,KY
10373,Kings Point,NY
10374,Catoosa,OK
10375,Fraser,MI
10376,Erdenheim,PA
10377,Quanah,TX
10378,Blackfoot,ID
10379,Lake Shore,MN
10380,Mccarran,NV
10381,Pierceton,IN
10382,Franktown,CO
10383,Canon City,CO
10384,Brambleton,VA
10385,Fernley,NV
10386,Tega Cay,SC
10387,W Sacramento,CA
10388,Los Angeler,CA
10389,Milltown,NJ
10390,Sweet Briar,VA
10391,Reseda,CA
10392,Tarboro,NC
10393,North Bay Villiage,FL
10394,Lake Ariel,PA
10395,Belmar,NJ
10396,La Crescenta,CA
10397,Crete,IL
10398,Justin,TX
10399,Ephraim,UT
10400,Essex Junction,VT
10401,Mascoutah,IL
10402,Del Rio,TX
10403,Stateline,NV
10404,Rancho Santa Fe,CA
10405,Avondale Estates,GA
10406,Zephyr Cove,NV
10407,Osmond,NE
10408,Belton,TX
10409,Toppenish,WA
10410,Freeland,WA
10411,Eastivale,CA
10412,Middleburg Hts.,OH
10413,Sanger,CA
10414,Bryant,AR
10415,Eleanor,WV
10416,Ulm,MT
10417,Tolar,TX
10418,East Lansdowne,PA
10419,Monahans,TX
10420,Mamaroneck,NY
10421,Angel Fire,NM
10422,Guildford,CT
10423,Far Hills,NJ
10424,Jena,LA
10425,Logansport,IN
10426,Lamoni,IA
10427,Dripping Springs,TX
10428,Minden,LA
10429,Evans,GA
10430,Saddle River,NJ
10431,Bethel Park,PA
10432,Republic,WA
10433,Carlilse,MA
10434,Markham,IL
10435,Mchenry,IL
10436,Hockessin,DE
10437,"Bridgewater,  Nj",NJ
10438,Kotzebue,AK
10439,Ansonia,CT
10440,Bellville,TX
10441,Saint Albans,VT
10442,Pisgah Forest,NC
10443,Redford Charter Township,MI
10444,Vivian,LA
10445,Port Everglades.,FL
10446,Baton  Rouge,LA
10447,Lawrerenceville,GA
10448,Windom,MN
10449,Tenafly,NJ
10450,Moss Beach,CA
10451,Somerton,AZ
10452,Opelousas,LA
10453,Palm Desert,CA
10454,Darby,PA
10455,"West Nyack, Ny",NY
10456,West Mifflin,PA
10457,Port Jefferson,NY
10458,Cicero,IL
10459,Rosenberg,TX
10460,Philadephia,PA
10461,Walled Lake,MI
10462,Ogallala,NE
10463,Red Cloud,NE
10464,Wahiawa,HI
10465,Stirling,NJ
10466,Mt Prospect,IL
10467,Bronxville,NY
10468,Miami  Lakes,FL
10469,S Pasadena,CA
10470,Robstown,TX
10471,Quinnesec,MI
10472,Elliocott City,MD
10473,West St. Paul,MN
10474,Tavernier,FL
10475,Robinsville,NJ
10476,Turtle Lake,ND
10477,Fort Deposit,AL
10478,Hawaiian Gardens,CA
10479,Turtle Creek,PA
10480,"Englewood Cliffs,",NJ
10481,Big Spring,TX
10482,Immokalee,FL
10483,Chase City,VA
10484,S. Hackensack,NJ
10485,Thompsons Statoin,TN
10486,Snellville,GA
10487,Hunstville,AL
10488,Port Richey,FL
10489,Turbotville,PA
10490,Lake Hopatcong,NJ
10491,Vienna.,VA
10492,Capistrano Beach,CA
10493,Kinnelon,NJ
10494,Lynwood,WA
10495,Kaukauna,WI
10496,John Day,OR
10497,"Dulles,",VA
10498,Mosinee,WI
10499,Bonita,CA
10500,Long Grove,IL
10501,Blue Springs,MO
10502,Jefferson Cty,MO
10503,Towaco,NJ
10504,Greybull,WY
10505,Temple Hills,MD
10506,Oroville,CA
10507,Milipitas,CA
10508,Madeira Beach,FL
10509,Central Point,OR
10510,Oregon,WI
10511,Thunderbolt,GA
10512,West Laffayete,IN
10513,La Verkin,UT
10514,Vesta,NY
10515,Eighty Four,PA
10516,Pigeon,MI
10517,Englishtown,NJ
10518,Reidsville,GA
10519,Reed City,MI
10520,Country,NH
10521,Valley,AL
10522,Mt. Sterling,IL
10523,Pacoima,CA
10524,Queens Village,NY
10525,El Reno,OK
10526,Landover,MD
10527,Emmitsburg,MD
10528,Rosharon,TX
10529,Bellefonte,PA
10530,Folly Beach,SC
10531,Morton Groove,IL
10532,West Middlesex,PA
10533,"Alpharetta,",GA
10534,561320,MI
10535,Hernando,MS
10536,Roslindale,MA
10537,Bentleyville,PA
10538,Kailua,HI
10539,Greenwood  Village,CO
10540,Adams,MA
10541,Fajardo,PR
10542,Delta,OH
10543,Desert Hot Springs,CA
10544,Tijeras,NM
10545,Ash Flat,AR
10546,Yulee,FL
10547,Orchard Lake,MI
10548,Duhram,NC
10549,New City,NY
10550,Manor,TX
10551,Addison`,IL
10552,Christiansbrg,VA
10553,Potterville,MI
10554,Cornwall,NY
10555,Suffield,CT
10556,Elk Rapids,MI
10557,Kapaa,HI
10558,Northville Twp.,MI
10559,Newberg,OR
10560,Gages Lake,IL
10561,Narberth,PA
10562,South Hamilton,MA
10563,Mays Landing,NJ
10564,Green River,WY
10565,Sunny Isl Bch,FL
10566,Surry Hills,
10567,Red Oak,TX
10568,Springfield Gardens,NY
10569,Cantonsville,MD
10570,Orchard,TX
10571,Garner,NC
10572,Indanapolis,IN
10573,Warner Robins,GA
10574,"Larchmont,",NY
10575,Washginton,DC
10576,N Miami Beach,FL
10577,Pippa Passes,KY
10578,Yreka,CA
10579,Roselle Park,NJ
10580,Cuero,TX
10581,Warrior,AL
10582,Melissa,TX
10583,Jourdanton,TX
10584,Battleboro,NC
10585,North Huntingdon,PA
10586,Sapulpa,OK
10587,Arlingtin Heights,IL
10588,Clarington,OH
10589,Hummelstown,PA
10590,Oro Valley,AZ
10591,Cedar Knolls,NJ
10592,Far Rockaway,NY
10593,Arlignton,VA
10594,Bennettsville,SC
10595,2Nd Floor,MI
10596,St. John,IN
10597,(H) Hispanic Origin,TX
10598,Hewitt,TX
10599,Eliot,ME
10600,Paw Paw,MI
10601,Boys Town,NE
10602,Garden City Park,NY
10603,South San Fransisco,CA
10604,Elberton,GA
10605,Liberty Hill,TX
10606,White Settlement,TX
10607,Goldendale,WA
10608,Lacrosse,KS
10609,Hubbard,OR
10610,Rexburg,ID
10611,Mt. Enterprise,TX
10612,"Chicago, Il",IL
10613,Pigeon Forge,TN
10614,Drexel Hill,PA
10615,Bullard,TX
10616,West Allis,WI
10617,Norwlak,CT
10618,"Rock Hill,",SC
10619,Amsterdam,NY
10620,Savoy,IL
10621,Bedford Park,IL
10622,Baxter,MN
10623,Ste. 300,MD
10624,"Santa Cruz,",CA
10625,Winder,GA
10626,Valley Center,KS
10627,Haddonfield,NJ
10628,Oxon Hill,MD
10629,Millstadt,IL
10630,Swanzey,NH
10631,Nibley,UT
10632,Leetsdale,PA
10633,Palno,TX
10634,Detroit Lakes,MN
10635,Bountiful,UT
10636,Alpaharetta,GA
10637,"Cambridge, Ma",MA
10638,Albertville,AL
10639,Thousands Oaks,CA
10640,Paragould,AR
10641,Elkins,WV
10642,Wellford,SC
10643,Cahokia,IL
10644,Center Line,MI
10645,West Menlo Park,CA
10646,Hampden Sydney,VA
10647,Swissvale,PA
10648,Kieler,WI
10649,Floor M1,NY
10650,Sykesville,MD
10651,Gustine,TX
10652,Hamlet,NC
10653,Voorheesville,NY
10654,Tipton,PA
10655,La Putente,CA
10656,Diagonal,IA
10657,Algona,IA
10658,Xenia,OH
10659,S Plainfield,NJ
10660,Delavan,WI
10661,New Bern,NC
10662,Buddlake,NJ
10663,Veradale,WA
10664,Harrington,DE
10665,Gulf Shores,AL
10666,Corbin,KY
10667,"North Versailles, Pa",PA
10668,Wellton,AZ
10669,Flint Township,MI
10670,Mocksville,NC
10671,Roxboro,NC
10672,East Liverpool,OH
10673,Saint Augustine,FL
10674,Kennerdell,PA
10675,S. San Francisco,CA
10676,Redondobeach,CA
10677,Montecito,CA
10678,Rancho Cucamango,CA
10679,Corinth,MS
10680,Saint Helena,CA
10681,Northbook,IL
10682,Clover,SC
10683,Water Valley,MS
10684,"Plano,",TX
10685,85018,AZ
10686,Ellwood City,PA
10687,Cle Elum,WA
10688,Grundy Center,IA
10689,Waban,MA
10690,San Holly Springs,NC
10691,Morgan City,LA
10692,Tallapoosa,GA
10693,Woodcliff Lak,NJ
10694,Albemarle,NC
10695,Harriman,NY
10696,Calexico,CA
10697,Atascadero,CA
10698,Oregon City,OR
10699,Kiawah Island,SC
10700,Ste 525,NJ
10701,Thomson,GA
10702,Pequannock,NJ
10703,Jamaica Plain,MA
10704,North Haledon,NJ
10705,Cusseta,AL
10706,Perris,CA
10707,Ruleville,MS
10708,North Olmstead,OH
10709,Huntingdon,PA
10710,Quitman,GA
10711,Windmere,FL
10712,Spearfish,SD
10713,Herriman,UT
10714,Whitehouse Station,NJ
10715,Monkton,MD
10716,"Fremont, Ca",CA
10717,Walnut Hill,FL
10718,Lafayette Hill,PA
10719,Oskaloosa,IA
10720,Dakota Dunes,SD
10721,Wyncote,PA
10722,Suite 110,NJ
10723,Solvang,CA
10724,San Juan Bautista,CA
10725,Woodland Park,NJ
10726,Glenelg,MD
10727,Wallington,NJ
10728,Maryland,MD
10729,Cardiff By The Sea,CA
10730,West Deptford,NJ
10731,Bartlesville,OK
10732,La Vernia,TX
10733,Lakspur,CA
10734,Ammon,ID
10735,North Sioux City,SD
10736,Indiannapolis,IN
10737,St Johns,FL
10738,"Albuquerque,",NM
10739,Sharon Hill,PA
10740,Selbyville,DE
10741,Porter Ranch,CA
10742,Youngwood,PA
10743,Suite 364,TX
10744,Pleasonton,CA
10745,Fords,NJ
10746,Aliquippa,PA
10747,Edgewater Park,NJ
10748,Granger,IN
10749,Johnsonville,SC
10750,Talofofo,GU
10751,Gorham,ME
10752,Bartow,FL
10753,Glen Arm,MD
10754,Cayey,PR
10755,", Farmers Branch",TX
10756,Suhaumburg,IL
10757,Suite 356,TX
10758,Yoakum,TX
10759,Dumont,NJ
10760,Mcclellan,CA
10761,Collins,MS
10762,Farmington Hilla,MI
10763,Jim Thorpe,PA
10764,Bordentown,NJ
10765,South Peachtree Corners,GA
10766,Lake Elmo,MN
10767,Madill,OK
10768,Rancocas,NJ
10769,Ashburnham,MA
10770,Platteville,WI
10771,Allendale Charter Township,MI
10772,Marrero,LA
10773,Holt,MO
10774,Guilderland,NY
10775,Farmers  Branch,TX
10776,Leola,PA
10777,Lihue,HI
10778,Celina,TX
10779,45 Hoffman Ave.,NY
10780,8512,NJ
10781,Port Richmond,CA
10782,Pacific Grove,CA
10783,Baldwinsville,NY
10784,Melborune,FL
10785,Starke,FL
10786,Globe,AZ
10787,Wolf Point,MT
10788,Highlands  Ranch,CO
10789,Sheldon,SC
10790,Chatilly,VA
10791,Harlan,IA
10792,Hulmeville,PA
10793,Marina Del Ray,CA
10794,Hartselle,AL
10795,W. Henrietta,NY
10796,"Casper,",WY
10797,Sabine Pass,TX
10798,Pine Mountain,CA
10799,Mclean(Tysons Corner),VA
10800,Spokane Vly,WA
10801,North Highlands Avenue,CA
10802,Ceres,CA
10803,Manchester Center,VT
10804,Douglaston,NY
10805,Krugerville,TX
10806,La Quinta,CA
10807,Mt Lake Park,MD
10808,Farmingtn Hls,MI
10809,Arvonia,VA
10810,Mcconnellsburg,PA
10811,Santa Ynez,CA
10812,Viola,WI
10813,Richlands,VA
10814,Rothschild,WI
10815,La Cañada Flintridge,CA
10816,Niwot,CO
10817,"El Paso,Texas 79924",TX
10818,Afton,WY
10819,Pine Plains,NY
10820,55426,MN
10821,Lenni,PA
10822,Eastland,TX
10823,Sturgis,KY
10824,Parsipany,NJ
10825,Rolling Fork,MS
10826,L.I.C.,NY
10827,Fredrick,MD
10828,Polymouth,MN
10829,Mipitas,CA
10830,Palmdale,CA
10831,Tigrad,OR
10832,"Cumming,",GA
10833,Lees Summit,MO
10834,Chariton,IA
10835,Center Moriches,NY
10836,"Chicago,",IL
10837,Big Stone City,SD
10838,Reedsburg,WI
10839,"San Francisco, Ca",CA
10840,Hugo,OK
10841,Strafford,PA
10842,Mountville,PA
10843,Dfw Airport,TX
10844,Kings Park,NY
10845,Gulf Breeze,FL
10846,Loudon,TN
10847,Suite 611,NJ
10848,Vidor,TX
10849,West Los Angeles,CA
10850,Vestavia Hills,AL
10851,Oradell,NJ
10852,Wailuku,HI
10853,Hyde Park,MA
10854,Shepherdstown,WV
10855,Gothenburg,NE
10856,Ellicott,MD
10857,Manalapan Township,NJ
10858,Bremen,IN
10859,Scio,OR
10860,Ward Hill,MA
10861,Standish,MI
10862,Menlo,GA
10863,Roxbury Crossing,MA
10864,Duvall,WA
10865,Yardville,NJ
10866,Glenwillow,OH
10867,Evergreen Park,IL
10868,Elm Grove,WI
10869,Pembroke Park,FL
10870,San Fransico,CA
10871,Engelwood,NJ
10872,St. Joeseph,MO
10873,Gypsum,CO
10874,Woods Cross,UT
10875,Travelers Rest,SC
10876,Dulce,NM
10877,"Houston, Tx, Us",TX
10878,Sartell,MN
10879,Cerriotos,CA
10880,Miami Springs,FL
10881,Kittery,ME
10882,Sayville,NY
10883,Point Richmond,CA
10884,White House,TN
10885,Deckerville,MI
10886,Landsdale,PA
10887,La Canada Flintridge,CA
10888,South Ei Monte,CA
10889,Rio Rico,AZ
10890,Toccoa,GA
10891,Phenix City,AL
10892,Mount Sterling,OH
10893,Dresden,TN
10894,Whitinsville,MA
10895,Select Or Enter,NJ
10896,Ny-New York,NY
10897,Apharetta,
10898,South Lyon,MI
10899,Pine Hill,AL
10900,Catskill,NY
10901,Citrus Springs,FL
10902,Lake Stevens,WA
10903,Streetboro,OH
10904,Spanish Fort,AL
10905,Huntington Station,NY
10906,Odenville,AL
10907,Chillum,MD
10908,George Town,TX
10909,Lititz,PA
10910,Wauconda,IL
10911,Orannge Park,FL
10912,Spirit Lake,IA
10913,Ebensburg,PA
10914,Brookeville,MD
10915,Palmyra,NJ
10916,Pendergrass,GA
10917,Chubbuck,ID
10918,Locust Grove,GA
10919,Uppr Marlboro,MD
10920,White Heath,IL
10921,Marston,MO
10922,Lousiville,KY
10923,Mt. Holly,NJ
10924,Buckeystown,MD
10925,Cleburne,TX
10926,Crowley,TX
10927,Glenn Dale,MD
10928,Andalusia,AL
10929,Jersey,NJ
10930,Rio Linda,CA
10931,Illinois,IL
10932,Eagle Lake,ME
10933,Dunmore,PA
10934,Hickory Hills,IL
10935,Guys Mills,PA
10936,Beaufort,SC
10937,Hazleton,PA
10938,Tuskegee  Institute,AL
10939,Owings,MD
10940,Santa Margarita,CA
10941,Mountain Top,PA
10942,Sappington,MO
10943,8816,NJ
10944,Humphrey,NE
10945,63102,MO
10946,Graniteville,SC
10947,Granton,WI
10948,Torringtont,CT
10949,San Fracisco,CA
10950,Suite # 106,IL
10951,Little Silver,NJ
10952,Sunland,CA
10953,Essex,IA
10954,Alpahretta,GA
10955,Donaldsonville,LA
10956,Kingsburg,CA
10957,Ozark,AL
10958,Moberly,MO
10959,Arcade,NY
10960,Krum,TX
10961,Mount Horeb,WI
10962,Germantown Hills,IL
10963,"Scotch Plains,",NJ
10964,Clairton,PA
10965,Horizon City,TX
10966,Jackson Height,NY
10967,"Tampa, Fl",FL
10968,Ballston Lake,NY
10969,Berryville,VA
10970,Tupper Lake,NY
10971,Orchard Park,NY
10972,Boonville,CA
10973,Lincolwood,IL
10974,"Hackensack,",NJ
10975,Grayson,GA
10976,Mercer Island,WA
10977,Eastlake,OH
10978,Hoston,TX
10979,Broadview,IL
10980,Philadeplphia,PA
10981,Bluebell,PA
10982,Way Fremont,CA
10983,Mableton,GA
10984,Shohola,PA
10985,Colebrook,NH
10986,Wingate,NC
10987,Piru,CA
10988,Gelbert,AZ
10989,Kilgore,NE
10990,Wilmore,KY
10991,Washingtion,DC
